SNP	Gene	CHR	POS	REF	ALT	BETA
rs6936125	HSF2/SERINC1	6	122757811	A	G	-287.139
rs13423277	TSN/LINC01826	2	122782326	C	T	108.229
rs4723264	BBS9	7	33197515	A	G	72.2627
rs7591512	DARS-AS1/CXCR4	2	136802725	G	A	33.8572
rs77653002	GATAD2A	19	19599389	G	A	-23.4598
rs75255904	CEP85L/LOC100287632	6	119034700	A	C	23.2409
rs11666997	LGALS13/LOC100129935	19	40123359	A	T	-23.0264
rs117887159	KCNJ2/CASC17	17	68303074	C	T	21.7531
rs17248748	LDLR	19	11206040	C	T	21.1721
rs3815364	RPS6KB2	11	67202847	G	A	-19.6745
rs11465257	ADAM19	5	156993465	A	G	-19.5839
rs7565491	DARS-AS1/CXCR4	2	136802434	C	T	18.4794
rs6584699	LOC101927549	10	107580818	A	G	-18.1695
rs11082314	RIT2/SYT4	18	40786186	A	G	-18.0248
rs6911252	IGF2R/SLC22A1	6	160537393	G	C	-17.25
rs2396535	ZNF277/IFRD1	7	112055321	A	T	-16.6022
rs17625826	TDRD15/LINC01822	2	21539609	A	C	-16.0751
rs75212598	CADM2-AS2	3	85874510	T	C	15.8324
rs13051175	CYYR1/ADAMTS1	21	28176188	G	T	-15.5944
rs2285438	HDAC9	7	18691879	T	G	15.5595
rs7676252	MARCH1/LINC01207	4	165470847	A	T	-14.972000000000001
rs17070544	MIR4704/PCDH9	13	66793864	G	T	14.722999999999999
rs2589064	PRORSD1P	2	55509306	G	T	-14.6509
rs10901012	SNRNP48/BMP6	6	7706528	G	C	14.5693
rs4512301	IGFBP3/LOC730338	7	46277065	G	C	-14.5008
rs72760962	TMEM18/LINC01115	2	710284	T	C	-14.4998
rs11000346	MICU1	10	74300993	T	C	-14.4762
rs12720796	APOB	2	21261998	A	C	-14.3606
rs17773226	BCO1/GAN	16	81344709	G	A	-14.3178
rs2001647	MIR4790/GRM7-AS3	3	5465830	T	C	14.1311
rs7641924	LOC440982/LINC02032	3	147685732	C	T	14.0984
rs4150894	E2F5	8	86104868	G	A	14.0328
rs726715	DPP10/DDX18	2	118402144	C	T	-14.017000000000001
rs16883865	MAP3K7/MIR4643	6	91700474	G	A	13.9992
rs4687346	MAP3K13	3	185149852	T	C	13.9864
rs2001749	UNC45A	15	91492100	C	T	13.9473
rs10278137	ASB4	7	95145807	G	A	-13.9113
rs12566935	FMO9P/POGK	1	166633513	C	T	13.8722
rs12568698	AJAP1/MIR4417	1	5387536	C	G	13.8433
rs16863644	PAX3	2	223141524	C	T	13.6456
rs9534021	GPALPP1	13	45589902	G	A	-13.5272
rs10519238	DTWD1/ATP8B4	15	49969299	C	A	13.3921
rs13063486	LINC00693/RBMS3-AS3	3	28953359	C	T	13.3909
rs10115676	NFIL3/MIR3910-1	9	94219424	A	G	-13.2428
rs16930452	SVIL	10	29881403	C	T	13.0544
rs7267302	PDYN-AS1	20	1942153	A	G	13.0493
rs17128726	COL24A1	1	86482958	T	A	-13.0187
rs17830830	REEP3/ANXA2P3	10	65970490	G	A	13.0109
rs17125980	SORL1/MIR100HG	11	121827488	A	G	12.9889
rs16929611	STIM1	11	3963470	A	G	-12.9118
rs16844891	DPPA4/LINC01205	3	109068747	G	A	-12.7212
rs9968989	SASH1	6	148776758	A	C	12.6693
rs116251855	THADA	2	43664732	T	C	12.6211
rs375948	GPR151/PPP2R2B	5	145964838	C	T	-12.6031
rs3886972	LOC643339	12	93637423	G	A	12.5976
rs642550	MOGAT2	11	75444623	A	G	12.569
rs7159675	OR4L1/OR4K17	14	20568700	T	G	12.4458
rs10275970	LOC101928012	7	112313156	C	G	12.427
rs9955925	LINC01477/KC6	18	38073672	T	C	-12.3319
rs6858924	ROPN1L	5	10447098	A	G	-12.2589
rs12039416	PDPN	1	13931159	T	C	12.1515
rs1427160	PTCHD4/MUT	6	48630039	T	C	-12.1452
rs16972501	PLA2G4E	15	42326093	A	T	-12.0182
rs1567295	LINC02382/LINC02431	4	171879903	A	T	-12.0143
rs17333948	DCTD/FAM92A1P2	4	183933386	C	T	11.9447
rs2425448	SNORD154/LOC100128988	20	39368421	G	A	-11.9029
rs17119290	LINC02301/SNORD3P3	14	84399626	T	C	11.8948
rs335946	LINC02150	5	16411605	C	G	11.8677
rs7957729	TMTC2/SLC6A15	12	84754684	C	T	11.8176
rs17142060	LINC00707/SFMBT2	10	6894019	C	T	11.8166
rs11791904	DENND4C	9	19335160	A	G	11.7993
rs11924047	RYBP/LOC105377162	3	72622532	A	G	-11.6859
rs7722854	MIR4278/MIR4454	5	7145817	C	T	11.6147
rs7210634	LINC01987/LINC01973	17	75753633	C	T	11.5979
rs1866376	ABLIM3	5	148640193	G	C	11.5024
rs3769070	LRRFIP1	2	238648581	G	A	11.4838
rs16855099	CEP350	1	179978893	C	T	11.4835
rs6805894	KAT2B	3	20084787	T	C	11.4795
rs11122472	GALNT2	1	230364292	G	A	11.4481
rs4435073	C12orf40	12	40070632	C	G	-11.448
rs10500266	CHST8	19	34161322	T	C	11.4335
rs1875196	LOC728613/MIR4277	5	1691202	C	G	11.4056
rs17026734	SLC8A1/LINC01913	2	41065804	T	C	11.37
rs11810323	TSEN15	1	184040332	C	T	11.3595
rs10018611	FAT1/LINC02374	4	188050164	C	T	11.290999999999999
rs12482850	LINC00308/MIR6130	21	23741874	C	A	11.2007
rs8051603	LINC02188/LINC02181	16	87048558	C	A	11.1802
rs12105784	THSD7B	2	138050698	T	A	11.0968
rs11656803	ASIC2	17	31537152	G	A	-11.0811
rs17600829	SPOCK3/ANXA10	4	168257214	T	A	11.0363
rs7680470	RGS12	4	3406713	A	C	11.0277
rs7860105	BNC2	9	16691263	C	T	11.0242
rs2232363	IL20	1	207042033	G	A	11.0133
rs7655263	LINC00613/LINC02510	4	137922488	G	A	-11.0106
rs3901085	TMEM40/CAND2	3	12814263	C	G	10.9984
rs9833232	SLC35G2	3	136558135	T	G	-10.9482
rs17046018	UBXN2A	2	24216935	A	G	-10.9373
rs4910192	LOC101928053	11	10838757	A	G	-10.9203
rs8001553	LINC00364/LINC00550	13	68374218	G	A	10.9056
rs17674478	AKAP9	7	91657953	A	C	10.8629
rs12637158	CRBN/LRRN1	3	3780869	C	T	10.8455
rs11227780	LOC100130987	11	67136021	A	C	-10.7669
rs7776921	AMPH	7	38502500	G	A	10.7482
rs13038013	RBM38/CTCFL	20	56058029	C	T	-10.6806
rs16918491	JMJD1C	10	65234553	A	T	-10.6725
rs4760235	LINC02388	12	58969050	C	T	10.573
rs76741315	LOC101928663/CARMIL1	6	25267594	G	C	10.559000000000001
rs12192385	MEI4	6	78398048	A	G	10.5375
rs113780557	LDAH/APOB	2	21120265	T	C	10.4823
rs2822904	LOC388813/LINC02246	21	16126147	C	T	10.4056
rs974836	LINC01170	5	123598900	G	T	10.4048
rs10411370	HPN-AS1	19	35561800	C	T	-10.3715
rs17665112	TRAM2	6	52432851	T	C	10.3114
rs17286488	MYH11	16	15892160	C	T	10.2786
rs12487711	LINC01980/CMC1	3	27937669	T	C	10.2774
rs9918514	HDAC9	7	18655220	C	T	10.2689
rs1832984	C20orf196/CHGB	20	5870360	G	A	-10.2656
rs74384584	GALNT2	1	230327008	C	T	-10.2532
rs4949593	LINC01648/MATN1	1	30864645	T	C	-10.2347
rs4699664	TSPAN5	4	99577845	A	T	10.2226
rs17073204	MAGI1	3	65609057	T	C	-10.2188
rs11015999	PTPRE	10	129784473	G	A	10.209
rs7206050	LOC102724084	16	80477936	T	C	10.207
rs12426744	TBX3/MED13L	12	115993279	C	T	10.2061
rs76038918	HAVCR1/HAVCR2	5	156488930	A	G	10.1968
rs189913	LINC01427/LOC284788	20	22319291	T	G	10.1538
rs3730403	E2F4	16	67229486	T	G	-10.1367
rs7197103	SHISA9/ERCC4	16	13823469	A	C	10.1203
rs2425412	LINC01370/MAFB	20	39125829	C	T	10.1168
rs7154844	OTX2-AS1/EXOC5	14	57456220	C	A	-10.1136
rs12515527	SPOCK1	5	136572922	C	T	10.0587
rs2306261	JMJD1C	10	64949321	T	G	-10.0193
rs2064699	REV3L	6	111701899	G	A	10.0192
rs16932465	DNAJC5B	8	66988197	A	G	9.98461
rs3815045	RAB3IL1	11	61669946	G	A	-9.93223
rs7715735	IRX1/LINC02114	5	4213360	C	T	9.9168
rs7073198	TAF3	10	8055615	G	C	9.91518
rs9380029	OR2B2/OR2B6	6	27895082	T	G	9.909880000000001
rs10414829	LOC100420587	19	29124509	T	A	-9.88604
rs10491345	LINC01848/TMEM232	5	109292510	C	A	9.87495
rs9615344	GTSE1	22	46699188	G	A	-9.86993
rs6133862	SNAP25/MKKS	20	10304333	C	T	9.850660000000001
rs6862216	PRDM9/C5orf17	5	23803560	G	A	9.80741
rs11685732	REG3G/REG1B	2	79263717	G	A	9.791789999999999
rs10036126	LOC102546299/LINC01947	5	165144196	C	A	-9.788839999999999
rs7600530	AGFG1	2	228361707	C	T	9.6918
rs3923458	CD163L1/CD163	12	7622051	G	C	9.685410000000001
rs16822738	FIGN/GRB14	2	164908371	C	G	-9.621780000000001
rs10026610	TAPT1-AS1/LDB2	4	16462250	A	G	-9.59954
rs2890010	TBX4/NACA2	17	59597618	A	G	9.589780000000001
rs12317948	AMN1/H3F3C	12	31884832	G	A	9.53346
rs10978100	PTPRD	9	9930534	C	T	-9.519169999999999
rs12038198	CGN	1	151497202	G	A	-9.503219999999999
rs16875256	ADGRF5	6	46905794	C	G	9.49205
rs12932450	LINC01571/C16orf97	16	51946119	C	T	9.48705
rs4234165	RYBP/LOC105377162	3	72593856	G	A	9.46444
rs12044926	CGN	1	151501841	C	G	-9.45461
rs7648752	NECTIN3	3	110796767	C	G	-9.42704
rs75766519	FADS2	11	61611033	T	C	-9.36514
rs195519	LOC105377962/FRK	6	116242267	G	A	-9.31139
rs12236652	SLC28A3/NTRK2	9	87158391	G	A	9.26377
rs13122925	FAM193A	4	2715138	C	G	9.26191
rs11017166	GLRX3/MIR378C	10	132053127	T	A	9.26068
rs587426	LINC01037/NONE	1	187935080	C	T	-9.252360000000001
rs12666011	PPP1R9A	7	94781136	C	T	9.25233
rs17043357	DPP10	2	115445395	T	G	-9.24061
rs6549571	LINC02005/CNTN3	3	73979983	T	C	-9.19642
rs12193327	COL9A1/EVADR	6	71072428	G	A	-9.18832
rs17680016	MIR4719/MON1B	16	77031325	A	G	9.155330000000001
rs6951601	PIK3CG/PRKAR2B	7	106624161	C	T	9.10543
rs12644402	PCGF3	4	759449	C	T	9.08966
rs13122929	PPP2R2C	4	6363608	G	A	9.05777
rs6563300	LINC00564/SLITRK1	13	83216941	A	G	-9.05467
rs7040921	CORO2A	9	100939018	G	A	9.05022
rs16852219	RBM47	4	40454581	A	G	-9.04458
rs17045031	LRIG1/LOC105377143	3	66768364	G	A	-9.02918
rs13026826	SLC8A1/LINC01913	2	40753603	G	A	-9.027989999999999
rs12312491	CD163L1	12	7552855	A	G	8.948080000000001
rs10503532	SGCZ	8	14963817	G	A	-8.88499
rs17045738	ANK2	4	114116305	A	C	8.859869999999999
rs381258	SGCD	5	156174011	G	A	-8.84251
rs10107867	DPYSL2/ADRA1A	8	26583087	C	T	-8.8256
rs12602390	CEP112	17	63856717	A	G	-8.82526
rs558189	DNAJC8	1	28533025	T	C	-8.82028
rs9282606	APOB	2	21267247	G	T	-8.819560000000001
rs2921162	ROPN1L	5	10456693	G	A	-8.80138
rs4369829	ID2/KIDINS220	2	8844511	C	T	8.78782
rs17627487	ZBTB20	3	114577069	C	T	8.76489
rs12664843	EEF1E1-BLOC1S5/SLC35B3	6	8389919	T	G	-8.75357
rs670318	LINC00466	1	63727542	T	C	8.74886
rs28716003	LINC02506/LINC02353	4	32328885	T	C	8.74057
rs2268542	LOC100505918/LOC101928565	1	168394358	T	A	8.73205
rs7008721	PXDNL	8	52682368	C	T	8.68539
rs17063728	LINC01411/MSX2	5	173990733	T	G	8.68357
rs17800251	HIBCH/INPP1	2	191192231	G	T	8.68035
rs1994511	GPAT3/LOC101928978	4	84788998	A	G	-8.67039
rs12354238	MIR4422HG/LINC01753	1	55873957	A	G	-8.6589
rs13235242	NXPH1/PER4	7	8821976	C	T	8.64405
rs9479837	CNKSR3	6	154728562	G	A	8.62232
rs2236137	ACIN1	14	23558850	T	G	8.58175
rs9822771	MSL2/PCCB	3	135915822	C	A	-8.57837
rs11706909	ZNF717/ROBO2	3	75887744	C	G	-8.560960000000001
rs10963381	SH3GL2/ADAMTSL1	9	17986287	C	G	-8.522210000000001
rs10893663	LOC101929497	11	127154987	G	A	-8.521360000000001
rs11107789	KRT19P2/NDUFA12	12	95313261	T	C	-8.50929
rs1447251	ARHGAP20/C11orf53	11	111051115	C	T	-8.49214
rs9517741	UBAC2/LINC01232	13	100117532	G	A	8.464319999999999
rs12122434	ATG4C	1	63261652	A	G	8.4366
rs1528941	LINC01612/LINC02382	4	171311973	G	A	-8.424
rs9435732	MFAP2	1	17308158	C	T	8.42383
rs2148777	ZFYVE28	4	2324656	C	A	8.3993
rs9318290	LINC00347/CTAGE11P	13	75140107	G	A	8.39257
rs9790162	MAP3K13	3	185043756	G	A	8.37995
rs10055180	ADAM19	5	156933182	G	T	8.37682
rs11136801	CSMD1	8	4788334	T	G	-8.37077
rs13392817	RPL37A/LINC01280	2	217410961	C	T	-8.35853
rs6420908	TTLL5	14	76384993	C	T	-8.35012
rs3934780	TMEM94	17	73465316	C	T	8.3411
rs4315348	CDYL2	16	80649257	A	G	8.31902
rs17020691	ZNF827	4	146764719	A	G	-8.31708
rs2346627	LINC00470/METTL4	18	2444885	T	G	8.28745
rs7836202	SLC30A8/MED30	8	118347042	A	G	8.28341
rs7642896	THRB	3	24270263	G	C	8.27239
rs4716770	PTPRN2	7	157493804	G	A	-8.25945
rs7559840	ETAA1/LINC01812	2	67855067	A	T	-8.239360000000001
rs13291014	IZUMO3/TUSC1	9	24794404	C	G	-8.21813
rs899592	LINC00469	17	71749827	C	T	-8.21285
rs2877741	STXBP6/NOVA1	14	26284540	C	T	8.21135
rs2745844	BANF2/SNX5	20	17822659	T	C	8.20438
rs17290758	LINC02429/MIR548AG1	4	60406510	A	C	8.19416
rs16835987	CXCR4/THSD7B	2	137406504	C	T	8.17796
rs17121798	NFIA	1	61675857	C	G	8.159939999999999
rs7809951	PON2/ASB4	7	95084622	G	A	-8.15889
rs9889699	LINC01987	17	75719065	C	T	8.158380000000001
rs10024575	PIGG/PDE6B	4	574660	C	T	-8.141
rs9477159	ATXN1	6	16550977	T	C	8.13467
rs1012525	DYTN	2	207537673	G	T	8.131639999999999
rs17500213	PCYOX1	2	70507294	T	A	8.12848
rs17797483	LOC100506207/TFAP2A	6	9344384	G	A	-8.1174
rs7860104	BNC2	9	16661210	A	G	-8.113539999999999
rs10122826	IZUMO3/TUSC1	9	24836923	A	G	-8.1072
rs17575313	SGCZ	8	15003558	G	A	-8.09418
rs6933986	IYD	6	150722115	G	A	-8.06864
rs10120246	PTPRD	9	9799050	G	A	-8.03696
rs4804576	DOCK6	19	11331354	G	T	8.02947
rs9733175	OR13A1	10	45801334	C	T	8.02368
rs1496773	MAGI2	7	78307481	C	T	-8.0021
rs1279312	NPAS3	14	33595247	G	A	-7.9899
rs311764	ALOX12P2/ALOX12-AS1	17	6821381	A	G	-7.97739
rs16902285	COX7C	5	85917570	T	G	-7.95915
rs12990279	ARHGAP25	2	68967245	G	A	-7.958489999999999
rs6813460	GPM6A	4	176922769	C	G	-7.9523399999999995
rs17482155	SLC8A1/LINC01913	2	40976640	C	T	7.951789999999999
rs11699237	TFAP2C/BMP7	20	55683996	T	C	-7.9245399999999995
rs1394278	SLC10A7/POU4F2	4	147552337	G	A	7.9063
rs10507151	IGF1/LINC00485	12	103150249	G	A	7.90307
rs11674260	SMARCAL1	2	217339602	A	G	-7.86598
rs570521	LOC102724301/TRIM29	11	119733857	G	T	-7.857810000000001
rs17827733	LINC01091/LINC02516	4	125235120	T	C	-7.85537
rs297774	ADRA1D/PRNP	20	4493963	G	A	-7.8434
rs17344298	NR3C1/MIR5197	5	142972131	A	T	7.841019999999999
rs10520353	SPCS3/VEGFC	4	177465316	C	T	-7.82941
rs6758531	LINC01832/SPOPL	2	138936400	C	T	-7.82339
rs1928375	LINC00457/LINC02343	13	35142537	C	T	-7.75817
rs17010972	CNTNAP5	2	124928726	G	A	7.7529
rs1517494	DOCK10/NYAP2	2	226254785	G	T	7.75082
rs16991236	SAMM50	22	44358997	A	G	7.74872
rs11584199	COL16A1	1	32143077	T	C	7.74805
rs7550706	AGBL4	1	49056323	G	A	7.738569999999999
rs17304039	TIGD3/SLC25A45	11	65140209	A	G	7.7347
rs16956830	OTUD7A	15	31816221	A	T	7.72485
rs7943282	LOC105369443/CNTN5	11	98166793	T	C	-7.71586
rs11034573	OR51T1/OR51A7	11	4919979	A	G	7.711110000000001
rs7330054	COL4A2	13	110986632	G	A	7.711
rs6438175	GRAMD1C	3	113652214	T	C	7.70678
rs1641463	SPRED2/MIR4778	2	65782300	G	A	7.692480000000001
rs1989974	RAD51B	14	68927542	G	A	-7.690410000000001
rs12139053	ERRFI1/LINC01714	1	8246934	C	T	7.655410000000001
rs80002357	SCN10A	3	38816165	G	A	7.64708
rs4725979	AOC1/KCNH2	7	150615045	A	G	7.614089999999999
rs1402714	ERBB4	2	212868114	G	C	-7.6086800000000006
rs3959690	DLGAP1	18	3768254	A	G	7.60624
rs13187781	POU4F3/TCERG1	5	145768761	G	A	-7.605589999999999
rs12536116	FZD1/MTERF1	7	91187760	A	C	7.598439999999999
rs17817539	LOC101928519	6	19153684	A	C	7.58529
rs10496074	CCDC85A/VRK2	2	57902013	A	G	7.56743
rs17177426	CBLB/LINC00882	3	106103101	C	G	7.537380000000001
rs12248722	ZNF438/LOC101929352	10	31381616	G	A	-7.531619999999999
rs11761297	COBL	7	51345270	C	T	7.52221
rs11974670	STEAP2-AS1	7	89730971	T	C	-7.501760000000001
rs3791891	TNS1/LOC105373878	2	218819527	C	T	-7.50082
rs12123703	KANK4/USP1	1	62861261	A	G	7.48539
rs6984563	NSMCE2	8	126261652	C	G	-7.48445
rs13089421	ZNF80/TIGIT	3	113965631	G	A	7.48405
rs9316833	LINC00424/LINC00540	13	22778099	G	A	-7.4810300000000005
rs17740744	LINC01412	2	145295362	A	G	-7.47353
rs9493857	SGK1	6	134530697	A	G	-7.45719
rs11709348	MAP3K13	3	185151732	A	T	-7.45045
rs881451	ICA1	7	8217022	G	A	7.4295
rs6577059	TFDP1/ATP4B	13	114300692	C	T	-7.42442
rs16930174	LYZL1/SVIL-AS1	10	29615116	A	G	-7.41719
rs1184466	PTPRQ	12	81050423	G	A	7.411860000000001
rs7823378	C8orf4/ZMAT4	8	40242232	T	C	7.3979
rs3219184	NFKBIL1	6	31515140	A	G	-7.388669999999999
rs10951006	NPY/MPP6	7	24387874	G	A	-7.385389999999999
rs12115379	TMEM261/PTPRD	9	8185111	C	G	-7.38324
rs12876636	SLITRK6/LINC00430	13	86612612	C	A	-7.37869
rs4467088	GPR139/GP2	16	20265306	G	C	7.371360000000001
rs1010491	SP140	2	231160521	A	G	-7.35876
rs2702080	ITSN2/NCOA1	2	24587652	T	C	-7.357539999999999
rs9392904	DSP	6	7555854	G	C	7.33943
rs17710675	C7orf69/PKD1L1	7	47842029	G	A	7.326239999999999
rs10045293	PDE6A	5	149240571	A	T	7.31067
rs17660708	SCAF4	21	33059831	T	C	-7.30245
rs569455	MAPRE2/ZNF397	18	32764663	A	C	-7.28872
rs7608326	CDC42EP3/LINC00211	2	37903390	T	C	-7.27152
rs4743127	PTCSC2	9	100492612	G	C	-7.267519999999999
rs12347394	PTPRD	9	10133562	G	C	-7.260510000000001
rs11138311	TLE4	9	82229981	T	G	-7.25115
rs10037918	DMXL1	5	118561878	C	A	-7.24965
rs2004219	RANBP3L/SLC1A3	5	36403319	C	T	7.245
rs11980911	LMTK2	7	97775922	C	T	-7.24255
rs11521101	VOPP1/FKBP9P1	7	55663320	C	T	-7.2417300000000004
rs893429	KLHL29	2	23650107	A	G	-7.21345
rs10734196	PARVA	11	12441070	C	T	-7.205760000000001
rs17076345	LINC00424/LINC00540	13	22775962	T	A	-7.1956
rs11817172	CELF2	10	10917971	G	A	7.19261
rs6810027	NISCH	3	52524574	C	A	7.162910000000001
rs4896027	SGK1	6	134537448	G	C	-7.15942
rs268335	SGCZ	8	15075310	G	A	7.14504
rs1384206	LOC105369443/CNTN5	11	98243231	G	T	7.14133
rs11697631	TFAP2C/BMP7	20	55707918	G	A	-7.1124
rs874418	RGS12	4	3442069	G	A	7.09996
rs1529006	LINC01250	2	2967248	C	T	7.09403
rs11978145	COBL/POM121L12	7	52874937	A	G	7.076810000000001
rs452290	LOC100506474/LINC00276	2	13402985	T	G	7.073169999999999
rs3783851	FOXN3	14	89848810	A	T	-7.05715
rs548240	YEATS4	12	69756291	A	T	-7.05505
rs17125170	EFCAB7/PGM1	1	64054540	C	G	-7.047389999999999
rs10976303	KDM4C/TMEM261	9	7469253	C	G	7.019660000000001
rs9860107	FHIT	3	60040105	A	G	7.016780000000001
rs718047	CASZ1/C1orf127	1	10858746	C	A	7.004739999999999
rs12517615	HCN1	5	45366788	T	C	-7.0012300000000005
rs17362087	FHIT	3	59806698	A	T	6.99596
rs11786333	CSMD1/LOC100287015	8	4969414	G	A	6.9771600000000005
rs1504698	LMX1A	1	165284302	C	T	-6.96127
rs12204594	MIR1202/SNORD28B	6	156584459	A	G	6.9456
rs319749	ASIC2	17	31571907	G	A	-6.93665
rs717156	PRL/HDGFL1	6	22317622	C	A	6.931010000000001
rs9870622	ZNF385D	3	21718112	G	A	-6.92802
rs2833159	KRTAP11-1/KRTAP19-8	21	32289174	A	G	-6.92144
rs7560706	LTBP1	2	33569233	T	A	-6.91863
rs6446202	SEMA3F	3	50219991	C	G	6.91035
rs17722309	KCND3	1	112339880	T	C	6.90445
rs1947534	LINC01478	18	41905790	A	G	6.9039399999999995
rs6960944	NPVF/MIR148A	7	25908946	T	C	6.89912
rs12208357	SLC22A1	6	160543148	C	T	-6.890860000000001
rs12344719	PTPRD-AS2/TYRP1	9	11997571	A	T	-6.86924
rs2664400	GRID1	10	87367922	T	C	-6.86855
rs1002806	FLVCR2	14	76082804	A	T	-6.86561
rs11072880	ZFAND6	15	80398913	A	T	-6.86102
rs10155664	LOC101928519/LOC105374960	6	19299263	T	G	6.85783
rs1780578	PARD3	10	34806744	G	A	6.8452
rs4488458	RBFOX1	16	7440386	C	G	-6.833289999999999
rs6105964	PDYN-AS1	20	1932164	G	A	6.82803
rs3128254	ZNF485	10	44103616	T	C	6.82753
rs17133545	SDK1	7	3585560	A	G	6.821439999999999
rs3813474	ADAMTS12	5	33576602	A	G	-6.81341
rs13089560	OTOL1/LINC01192	3	162303772	G	T	-6.803719999999999
rs4976536	TENM2	5	167566707	C	T	6.802969999999999
rs17060979	ADRA1A/STMN4	8	26869815	C	T	6.800860000000001
rs874014	LOC101928111/LOC150935	2	240452008	A	C	6.80083
rs10101252	CSMD1	8	3389173	T	C	-6.7978
rs10513018	NCK1/IL20RB	3	136674468	A	G	-6.793769999999999
rs2403901	MIR8054/LUZP2	11	24164478	G	A	-6.793080000000001
rs12160657	LOC284930/MIR3201	22	48394010	A	G	-6.790839999999999
rs7322586	STARD13	13	33712785	G	A	-6.78379
rs6892304	PPP1R2P3/TIMD4	5	156282132	G	A	-6.77071
rs11045800	SLCO1B1	12	21311248	T	C	-6.76788
rs4778757	ZFAND6/FAH	15	80442296	C	G	6.76001
rs17197259	PPP2R3A	3	135711661	A	C	-6.745489999999999
rs11136747	CSMD1	8	4383116	A	C	-6.73872
rs16975654	COL4A1	13	110879245	G	A	-6.73111
rs17302436	PLXNC1	12	94693251	T	C	6.7290600000000005
rs4929971	ASCL2/C11orf21	11	2298259	G	A	6.72214
rs12633433	FNDC3B	3	171903075	G	A	-6.71979
rs17325192	SYNPO2	4	119780345	G	A	-6.6974100000000005
rs1322754	NCOA7	6	126154164	A	G	-6.69349
rs11728005	MFAP3L/AADAT	4	170955368	G	T	-6.68965
rs6917350	SPDEF/C6orf106	6	34544384	G	A	-6.6888
rs989788	LINGO2	9	28909537	T	G	-6.67992
rs17547712	LINC01612	4	171180561	G	A	-6.67455
rs9942085	CNTN4	3	2697187	T	G	-6.67393
rs661586	DAB1	1	57473273	T	C	6.66701
rs7909507	GLRX3/MIR378C	10	132072271	A	G	6.64239
rs6441008	PLCH1	3	155376891	T	C	-6.63255
rs11253053	AKR1C4/UCN3	10	5272602	G	C	6.62933
rs2698538	LOC100507006/MIR4433B	2	64507742	G	A	-6.6238
rs7312593	IGF1/LINC00485	12	103135012	T	G	6.6196
rs9727492	LOC100506022/SLC25A33	1	9495553	G	A	-6.6187
rs11030654	MIR8068/LINC01616	11	29299263	A	G	6.61302
rs17358457	MIR548H4	15	69443715	T	C	-6.6017
rs7143925	TMEM260/OTX2	14	57123792	G	A	6.5994399999999995
rs2453434	CNBD1	8	87881315	G	T	6.59762
rs3095634	AKTIP/RPGRIP1L	16	53541390	C	T	6.58608
rs275347	PLEKHG1	6	150970307	T	C	-6.58339
rs1918101	LINC02005/CNTN3	3	73976238	G	T	-6.582389999999999
rs319777	ASIC2	17	31495586	A	G	-6.57198
rs7289126	TMEM184B	22	38628306	C	A	-6.56862
rs12435269	SNORD3P3/LINC02329	14	85770761	T	C	6.56675
rs4954555	DARS-AS1/CXCR4	2	136793114	T	C	6.5483400000000005
rs11647864	VPS4A	16	69355506	C	T	6.54143
rs6757886	DLX2-AS1/ITGA6	2	173113143	G	A	6.53611
rs6804195	ZMAT3/LOC101928739	3	178794797	T	C	6.52237
rs966031	ARL4A/ETV1	7	13680612	A	T	-6.50945
rs17818737	MAML2	11	95964586	T	C	6.50553
rs17824149	ZMYND15/TM4SF5	17	4673185	A	G	6.49676
rs2175722	MOBP	3	39543427	G	T	6.49524
rs6903648	NEDD9	6	11372333	T	C	6.4779599999999995
rs11216206	SIK3	11	116843425	C	G	-6.47722
rs6960829	LUZP6/MTPN	7	135644220	G	A	6.47547
rs3779478	PDK4	7	95222819	A	G	-6.47415
rs9300868	LINC01309/DAOA-AS1	13	104468135	C	A	6.462680000000001
rs10752142	LOC105376398/LOC105755953	10	8642545	T	C	6.46024
rs653403	LOC100507283	11	124696291	T	A	6.4510000000000005
rs17384367	FAF1	1	51142556	T	C	6.44445
rs993250	SNTN/C3orf49	3	63712788	A	G	6.4441
rs17694161	KCNS3/RDH14	2	18686565	T	C	6.42584
rs12051694	FZD2/LINC01180	17	42698604	T	C	6.421880000000001
rs3784463	PCSK6	15	101944959	G	A	-6.41225
rs843287	LINC00587/CYLC2	9	105618519	A	T	-6.40797
rs11192826	LOC105378470/SORCS1	10	108055302	G	A	6.39755
rs2331717	PRDM9/C5orf17	5	23814701	C	T	6.3969
rs6984968	FAM135B	8	139202536	A	C	-6.39276
rs16867365	SCHLAP1	2	181626522	C	T	6.38891
rs11205982	GPX7/FAM159A	1	53086894	A	C	-6.3825
rs12043131	HAX1/AQP10	1	154263796	G	A	-6.38171
rs79220007	HFE/HIST1H4C	6	26098474	T	C	-6.3788
rs74954232	ANKRD28	3	15813616	T	C	6.37667
rs4682920	ABHD5/MIR138-1	3	43950172	C	G	-6.37447
rs7812578	CHMP4C/SNX16	8	82679057	T	G	6.37191
rs7592671	XIRP2	2	167924590	A	C	-6.36152
rs12320328	KRAS/LMNTD1	12	25408464	A	G	6.35611
rs2710184	THSD7B	2	137527965	G	T	6.351
rs1838233	LOC101928523/SMC2-AS1	9	106766172	A	C	6.34896
rs189982	VAPA/LINC01254	18	10302384	A	G	-6.34807
rs35526112	DHCR24/TMEM61	1	55391268	T	C	6.34548
rs3786598	MED26	19	16729515	C	G	6.34198
rs78998999	PACSIN3/DDB2	11	47228403	A	T	-6.33461
rs7763142	LINC01108/JARID2	6	14402655	T	A	6.30989
rs2402985	KLHDC10	7	129747723	G	A	-6.2992
rs10114039	DENND4C	9	19352260	A	T	6.2985
rs6951157	LINC01449/INHBA	7	41675159	T	C	-6.2926400000000005
rs17351902	SRFBP1	5	121360503	G	C	6.29111
rs16989014	LINC01370/MAFB	20	39009663	T	C	-6.2815199999999995
rs11051124	LINC00941/TSPAN11	12	31026370	T	C	-6.28076
rs31243	SV2C	5	75594360	A	G	6.28067
rs2620926	CTNNA3	10	69092316	G	A	6.279780000000001
rs732110	LOC100507657/MN1	22	28015322	A	C	6.27417
rs9318087	DACH1/MZT1	13	73175750	T	C	-6.255719999999999
rs914987	LOC101928298/LOC101928322	10	10278847	G	T	-6.25441
rs12905881	C15orf54/THBS1	15	39609167	C	A	6.25287
rs2220401	LRRC3B/NEK10	3	26849899	C	T	-6.24673
rs17342912	CES5A/LOC283856	16	56121958	T	A	-6.23834
rs2708530	LOC101929497	11	127188263	T	G	-6.23679
rs9600247	LINC00402	13	74808946	T	C	-6.2357
rs10179521	CNRIP1	2	68543294	T	C	-6.22255
rs1006780	LINC01802/CREB1	2	208205461	G	A	-6.2217400000000005
rs186424	SAMD13	1	84770468	A	G	-6.20949
rs11575676	HABP2	10	115332931	G	A	6.18746
rs11945690	SETD7/MGST2	4	140546206	A	G	6.17002
rs12411012	CSF3R/GRIK3	1	37189482	A	G	-6.16523
rs17138656	LVRN	5	115348816	G	A	6.16359
rs4594682	LINC02497/LINC02506	4	31284710	A	C	-6.1624099999999995
rs6107492	ADRA1D/PRNP	20	4590930	A	G	-6.160419999999999
rs11051208	DDX11-AS1	12	31178773	A	G	-6.1566
rs3755733	FOXP1	3	71020900	T	G	-6.153919999999999
rs4877627	LINC01507/TLE1	9	83545715	T	G	6.15006
rs17090063	KLF5/LINC00392	13	73915426	G	T	6.14785
rs3780141	PAX5	9	36885583	G	A	6.13456
rs7753246	UTRN	6	144968195	G	A	6.13417
rs11680476	B3GNT2	2	62436342	T	C	-6.1333400000000005
rs1554460	LINC02153/LOC101929172	8	20917638	G	C	6.130780000000001
rs9915405	KCNJ2/CASC17	17	68355681	A	G	6.1211400000000005
rs62242087	SYN2/PPARG	3	12302208	C	T	-6.11749
rs11787010	SNX16/LOC101927141	8	83511982	C	T	6.10348
rs9853123	SRPRB	3	133532782	C	G	-6.09604
rs2364350	SNX9	6	158360504	G	A	-6.09535
rs6536580	LINC02233/FSTL5	4	162134859	G	T	-6.09446
rs629561	FAM189A1	15	29766601	T	A	-6.06798
rs7795240	LINC01162/SP4	7	21202032	T	C	6.06505
rs11644565	LITAF	16	11650091	A	T	6.0508
rs1152509	PELI2/LOC101927690	14	56831820	C	T	6.0449
rs12527354	SDHAF4/SMAP1	6	71324346	C	A	-6.03557
rs16915382	DNHD1	11	6579354	G	C	6.03036
rs10027926	RGS12	4	3414654	G	A	6.026009999999999
rs10810589	BNC2	9	16684058	A	G	6.01569
rs11223967	LOC283177/LOC100507548	11	134596868	A	C	-6.01011
rs3802290	CSMD1	8	2954716	G	C	-6.0019800000000005
rs10283740	PSAT1/LOC101927450	9	81500880	T	C	-5.99801
rs439188	BLM/FURIN	15	91365342	C	T	5.99033
rs10499481	AGR3/AHR	7	17116201	A	C	5.98833
rs4573555	MIR4422HG/LINC01753	1	55791532	T	A	5.98488
rs1786357	LINC01683/LINC00320	21	21820967	G	A	-5.98466
rs9975306	MIR99AHG/LINC01549	21	18485087	T	C	5.97847
rs10733319	BNC2	9	16747684	T	C	5.96865
rs12883905	PELI2/LOC101927690	14	56801913	G	A	-5.95781
rs13014943	FIGN/GRB14	2	164973229	T	C	-5.9520800000000005
rs2245409	GMNN	6	24781025	A	G	5.950419999999999
rs56142710	JAZF1-AS1	7	28260867	A	C	5.93016
rs3092217	CHD6/PTPRT	20	40380068	C	T	-5.92781
rs17429833	CLDN1	3	190040008	C	G	-5.91996
rs13196695	MANEA/FUT9	6	96352599	C	G	5.91748
rs7239639	NETO1	18	70498620	T	C	-5.917269999999999
rs6793658	SLC9A9	3	143540744	C	G	5.91542
rs6896040	LOC441086/GCNT4	5	74300758	C	A	-5.91032
rs2748704	MIR4422HG/LINC01753	1	55958875	G	C	-5.90572
rs266443	TNPO1	5	72180377	C	T	5.90216
rs2048041	ARHGAP20	11	110580597	A	T	5.90196
rs12505285	NONE/LINC00290	4	181269248	G	T	5.89584
rs3757853	KEL	7	142650475	C	G	5.89151
rs13013901	ERBB4	2	212628816	C	T	5.88898
rs7180424	LINC01314	15	80494983	A	G	5.88435
rs1866822	LOC102724957/SOX6	11	15962351	A	C	-5.87954
rs60549974	TRAFD1	12	112591821	T	C	-5.87645
rs4910001	GALNT18	11	11461222	A	G	-5.87477
rs11780819	KIF13B	8	29000059	A	T	-5.87441
rs12147825	ADAM21P1/SYNJ2BP-COX16	14	70789805	G	A	-5.87111
rs9402144	ARHGAP18	6	129919523	C	T	5.8587
rs12633935	EIF5A2/SLC2A2	3	170674865	A	C	5.8560300000000005
rs12543954	AGPAT5/XKR5	8	6631043	G	A	5.8525599999999995
rs2205237	NRIP1	21	16424644	G	A	-5.84135
rs11816037	CELF2-AS1/USP6NL	10	11469842	C	T	-5.83631
rs894445	NAV2	11	20140471	A	G	5.831169999999999
rs11028147	LUZP2	11	24779867	T	A	-5.8268699999999995
rs822505	SYT11	1	155846528	C	T	5.82664
rs11585199	ST6GALNAC3/ST6GALNAC5	1	77173016	G	A	-5.81588
rs4272720	VSTM4	10	50263201	A	G	-5.79028
rs7761412	AKAP7/ARG1	6	131720813	T	G	-5.78872
rs2850755	BCL2	18	60972841	A	G	5.78402
rs9542841	DACH1/MZT1	13	72644712	A	C	5.78026
rs2293289	AGPAT4	6	161551439	G	A	-5.77787
rs13015399	CDK15/FZD7	2	202859663	C	A	-5.75407
rs8006330	CFL2/BAZ1A	14	35211001	C	T	-5.74918
rs2470029	MIR548AZ/NOV	8	120368303	T	G	5.74466
rs10946653	LOC105374972/NRSN1	6	23993677	A	T	-5.73864
rs2242131	SPTBN4	19	41060616	A	G	-5.73543
rs236195	FAM204A	10	120099005	C	T	5.73411
rs1559896	SPSB4	3	140776991	T	C	-5.72955
rs2968097	CTNND2/LINC01194	5	12198381	T	C	-5.70884
rs10120087	ABCA1	9	107661150	C	A	-5.70745
rs9521734	COL4A2	13	111037289	A	T	5.69422
rs495132	KMT2A	11	118335927	A	G	5.67914
rs2172453	PAPSS1/SGMS2	4	108724856	G	A	5.67898
rs2344872	SLC39A11	17	71060337	C	T	5.67545
rs61897976	MTCH2/AGBL2	11	47677407	T	A	-5.6695
rs10913918	CEP350	1	179942388	T	C	5.66012
rs12974855	SPACA6P-AS	19	52189152	G	A	-5.65891
rs11195794	ADRA2A/GPAM	10	113782834	A	T	5.65616
rs1469453	JPH3/KLHDC4	16	87736778	T	C	5.6493400000000005
rs12047272	SCMH1/FOXO6	1	41801943	G	A	5.6448
rs551037	NOSTRIN	2	169669708	C	T	5.6439699999999995
rs17238495	MIR6085/MGC15885	15	62667829	C	T	5.63353
rs17672135	FMN2	1	240445596	T	C	-5.62981
rs13187816	FBXL17	5	107557861	T	C	5.6294900000000005
rs9504505	FARS2	6	5746943	T	C	-5.627680000000001
rs1343832	HOXB13/TTLL6	17	46815835	C	G	5.62416
rs1284417	LDLRAD4	18	13555873	C	T	-5.62059
rs8001012	KLF12	13	74586401	C	T	-5.61665
rs2072114	FADS2	11	61605215	A	G	-5.61103
rs13390246	DCDC2C	2	3792129	G	T	5.6081199999999995
rs2793683	LINC01755/LINC01767	1	56761549	C	T	-5.60591
rs2184360	LINC01277	6	143311522	A	C	-5.60384
rs2722876	ESRP1	8	95716122	T	A	5.60312
rs1506079	MCHR2-AS1/SIM1	6	100798472	C	T	5.59347
rs6599641	ACADSB	10	124770575	T	G	5.59296
rs4766553	CUX2	12	111634281	T	G	-5.590330000000001
rs1367211	LPA	6	161082695	T	C	-5.58703
rs11723697	KLHL8/MIR5705	4	88186722	A	G	-5.58245
rs59101559	SYN2/PPARG	3	12274676	T	C	5.58004
rs17034092	KIAA1324	1	109732387	G	C	-5.57988
rs4790725	KIF1C	17	4924097	C	G	-5.57861
rs7777128	EVX1/HIBADH	7	27337113	G	C	5.57033
rs12347436	PTPRD	9	10133683	G	A	-5.5696699999999995
rs2013211	SORBS3	8	22433508	A	G	5.56902
rs2399643	ANKRD55	5	55411605	T	A	5.56374
rs1425788	AGPAT5	8	6572631	G	A	-5.56191
rs56383076	C12orf43	12	121441333	T	C	5.551740000000001
rs958722	EGLN3/SPTSSA	14	34458014	G	A	5.5514
rs6818397	RGS12	4	3434885	T	G	-5.5497
rs2410556	NAT2	8	18254467	T	C	5.54791
rs10892004	LOC101929011	11	116514417	C	T	-5.54707
rs10752091	LINC00707	10	6864696	G	C	-5.5465599999999995
rs8105155	LOC100420587	19	28973595	G	T	5.54171
rs12090783	CSMD2	1	34479619	T	G	5.53825
rs7576391	C2orf42	2	70388671	C	T	5.53796
rs1885431	PTPRD	9	10225533	T	C	5.52677
rs32072	SGCD	5	156113632	A	T	-5.52463
rs12906358	SPRED1/FAM98B	15	38692800	G	A	5.51952
rs7757054	HBS1L/MYB	6	135487614	A	G	-5.50962
rs11706728	TFDP2	3	141714256	C	T	5.507280000000001
rs7508120	LOC101927151	19	28424032	G	A	-5.5043
rs4675287	FAM117B	2	203553836	G	A	5.502190000000001
rs17222925	MEI4/IRAK1BP1	6	79176424	T	G	-5.4924800000000005
rs9684269	CENPC/STAP1	4	68423303	A	G	5.48529
rs11220846	LOC101929473/LOC101929497	11	127131513	T	C	-5.48485
rs12210630	LOC102724152/MEAT6	6	164389128	A	G	5.47644
rs17146546	SPAM1/LOC105375483	7	123623403	T	C	-5.4759199999999995
rs6089982	ZBTB46	20	62401143	C	T	5.47233
rs1147909	LINC00841	10	44470909	T	C	-5.472230000000001
rs2220211	SYT6/TRIM33	1	114801953	A	G	5.46093
rs7526892	CAMTA1	1	7551455	G	A	-5.4595
rs7148153	NPAS3	14	34040984	C	T	-5.45257
rs6816148	ZBTB49/NSG1	4	4376744	C	T	5.4512
rs10810590	BNC2	9	16689291	C	T	5.431
rs9938886	LINC02141	16	59941500	A	G	5.42689
rs7932003	CCDC15	11	124855162	G	A	5.42606
rs4723071	ADCYAP1R1/NEUROD6	7	31345908	T	C	-5.41903
rs1007190	C1QL1	17	43038209	C	T	5.41075
rs2774947	FAM69A	1	93348423	C	T	5.40902
rs7762347	LOC105374972/NRSN1	6	23654841	T	C	5.40835
rs10990316	LINC00587/CYLC2	9	105541360	G	A	-5.40614
rs9667033	LOC646522	11	133664606	A	C	-5.4041
rs12611033	NLRP8	19	56474236	G	A	-5.4024
rs17834280	CCDC175/RTN1	14	60060736	A	C	-5.397930000000001
rs557094	CLEC4M	19	7832286	C	G	5.3971
rs12651642	LINC02510/PCDH18	4	138162098	A	G	-5.39201
rs7582155	DYTN	2	207533025	A	C	5.38709
rs13381727	MYO5B	18	47482530	C	T	5.38057
rs4258434	IQSEC3	12	261034	C	G	5.36289
rs876458	CRIM1	2	36634668	G	T	-5.35264
rs7136286	IGF1/LINC00485	12	103176419	G	C	5.34983
rs7658325	CCSER1/LNCPRESS2	4	92895513	C	G	5.34243
rs9462082	PPARD	6	35386041	A	G	-5.34081
rs2382451	NFIB	9	14189188	C	T	-5.34026
rs225350	TFF2/TFF1	21	43776975	A	G	-5.33603
rs1861486	ETV6	12	11839850	G	C	-5.3345
rs4807685	KDM4B	19	5081179	T	C	5.32754
rs1567670	RCN2/PSTPIP1	15	77275072	G	A	5.3253
rs33958	SPRY4-AS1/FGF1	5	141928239	C	T	5.32385
rs2345486	RBFOX1	16	6782394	G	C	5.32356
rs11007669	SVIL	10	29897431	C	T	-5.3177
rs9881594	FAM19A1	3	68090341	T	C	5.31196
rs7721382	FGF18/SMIM23	5	170986201	T	C	-5.31114
rs2301658	CUX2	12	111733274	C	T	-5.31088
rs9956383	LOC100505817/FBXO15	18	71383800	C	T	-5.30082
rs4645335	IRX1/LINC02114	5	3704761	A	G	5.30047
rs1496362	MIR4278/MIR4454	5	7136803	G	A	5.294490000000001
rs9588224	CARS2	13	111312221	A	G	5.29167
rs4690090	RGS12	4	3389527	C	T	-5.29063
rs533483	LINC00184	1	234765256	G	A	-5.2899400000000005
rs7746553	C2	6	31895973	C	G	-5.28867
rs6897300	HMHB1/YIPF5	5	143320147	C	A	-5.287640000000001
rs12633907	PEX5L/LINC02053	3	179844161	C	T	5.28275
rs7740227	BLOC1S5-TXNDC5	6	7939864	C	T	-5.282109999999999
rs8128829	CHODL	21	19577196	C	T	5.28209
rs6986092	SNTB1/HAS2	8	122587014	T	C	5.26369
rs926350	TTLL1	22	43471948	C	T	-5.2622800000000005
rs10422645	FCGBP	19	40416921	A	G	-5.260680000000001
rs11466579	TGFBR3	1	92199920	G	A	5.2573099999999995
rs6792324	FAM19A1	3	68096404	T	A	5.25396
rs6473565	RALYL	8	85784094	C	T	5.253830000000001
rs17066415	PMAIP1/MC4R	18	57617858	A	C	-5.239719999999999
rs7897452	SLC39A12/CACNB2	10	18414466	C	T	-5.23718
rs1947371	SPRY1/LINC01091	4	124423651	T	C	5.23344
rs7905046	STN1/SLK	10	105697934	T	G	-5.23074
rs3779490	ASB4	7	95120724	C	T	5.22852
rs374294	BLM	15	91357029	G	C	5.21505
rs4666355	LAPTM4A/SDC1	2	20292581	A	G	5.2106900000000005
rs2294212	PLTP	20	44540564	C	G	5.2076400000000005
rs1883907	PADI2/PADI1	1	17466413	A	T	-5.20324
rs16978077	LINC01601	18	42115998	A	G	5.20047
rs7840970	KLF10/AZIN1	8	103697612	A	G	-5.19957
rs2701455	TRPA1/LOC392232	8	72998638	G	T	5.19793
rs2254251	MRAP	21	33671479	T	C	5.1968
rs12403277	DISP3/LINC01647	1	11654549	C	T	5.19233
rs7098888	ANKRD30BP3/OR13A1	10	45695906	A	C	-5.19125
rs2074955	UPP2	2	158977794	A	G	-5.1877
rs13359927	SPRY4-AS1/FGF1	5	141910866	T	A	5.18748
rs6513747	CHD6/PTPRT	20	40482585	C	T	-5.18728
rs7184983	BBS2	16	56554709	G	A	5.18511
rs12616090	INHBB/LINC01101	2	121126493	C	T	-5.17938
rs556884	ACRV1	11	125550049	G	A	5.1704099999999995
rs10938816	KCNIP4	4	20910164	G	C	5.16563
rs1635606	BAIAP2L1/NPTX2	7	98055912	G	A	-5.16079
rs11752957	PLG/MAP3K4	6	161363705	G	T	5.15511
rs1903791	NEUROG3/C10orf35	10	71376076	C	T	5.150919999999999
rs2027291	ETV3/FCRL5	1	157168420	T	C	5.14922
rs714795	OR4E1/LINC02332	14	22876618	C	T	-5.14682
rs1016867	NONE/GUCA2B	1	42570803	A	G	-5.14579
rs10791200	CNTN5	11	100008296	T	C	-5.14543
rs255886	NREP	5	111104735	C	G	-5.14114
rs497578	KCNMA1	10	78916112	G	A	-5.1388
rs4812543	CHD6/PTPRT	20	40378900	C	G	5.1369
rs17471747	SGCZ	8	14991599	T	C	-5.13515
rs1026348	MIR4268/EPHA4	2	221817537	G	A	5.1333400000000005
rs10810586	BNC2	9	16673676	A	C	-5.12901
rs6880285	ZBED3-AS1	5	76428479	T	C	5.12721
rs1809167	TRIB1/LINC00861	8	126541659	A	G	-5.12718
rs10901874	CTBP2/TEX36-AS1	10	126895917	C	T	5.12359
rs12676904	TRAPPC9/CHRAC1	8	141498753	C	T	-5.1227599999999995
rs6957883	CNTNAP2/C7orf33	7	148239179	C	T	5.1224
rs2047660	TLE3/LINC02205	15	70396378	A	T	-5.12226
rs12207195	LPA	6	160974578	G	A	5.12195
rs8021270	PYGL	14	51385156	C	T	5.117380000000001
rs11817850	ZEB1/ARHGAP12	10	31987840	A	T	-5.115
rs1367210	LPA	6	161082799	C	T	-5.11185
rs10781226	LOC101927358/RORB-AS1	9	77035430	C	A	5.10427
rs4149071	SLCO1B1	12	21369964	T	C	-5.102580000000001
rs2930579	UBE3A/ATP10A	15	25841236	G	T	-5.10191
rs10091694	PCAT1/PCAT2	8	128073754	T	A	5.0972800000000005
rs4149336	ABCA1	9	107550639	A	G	5.0955699999999995
rs17716486	UQCRFS1/LOC284395	19	29763887	C	G	-5.09455
rs10857328	LINC02233/FSTL5	4	161211924	A	T	5.09109
rs7428376	SATB1-AS1/KCNH8	3	18857812	T	C	5.08891
rs12966800	MC4R/CDH20	18	58364710	G	C	5.08884
rs17273109	NSMAF	8	59568175	T	C	-5.0755300000000005
rs17074353	CSMD1/LOC100287015	8	5499255	C	A	5.074380000000001
rs11203680	SGCZ	8	15065162	A	G	5.0736
rs17612860	PDE8A	15	85640282	C	A	5.06423
rs17226273	TEMN3-AS1/LOC90768	4	183030155	G	T	-5.06353
rs11942897	SLIT2	4	20459118	C	T	5.05978
rs2902340	LINC00841/C10orf142	10	44497495	T	G	-5.05091
rs17057718	IL17RD	3	57136585	C	T	5.04817
rs5994446	DEPDC5	22	32289919	A	G	-5.04467
rs7589325	SPP2/LINC01891	2	235284258	T	C	5.043019999999999
rs12645344	LINC02261/MIR4275	4	28317531	T	C	5.04167
rs17680434	LINC01797	2	66927859	A	G	-5.0408599999999995
rs10484227	OR4K13/OR4L1	14	20515023	G	A	5.04057
rs8063640	LINC00922/CDH5	16	65829603	T	C	5.03938
rs12635951	NAALADL2	3	175132345	G	C	5.03911
rs4924280	RASGRP1/C15orf53	15	38955104	G	C	5.03817
rs4726984	CNTNAP2/C7orf33	7	148228005	G	A	5.03686
rs6070543	RALGAPB	20	37174560	G	C	-5.02556
rs6921367	IMPG1/HTR1B	6	78063998	G	A	-5.01507
rs268264	FIGN/GRB14	2	164952970	A	G	5.01283
rs3765948	HSD3B2	1	119963454	T	C	5.00857
rs318931	GLRX3/MIR378C	10	132077744	A	T	-5.007969999999999
rs10502786	LINC00907	18	39938014	G	A	5.006880000000001
rs1908179	NELL2	12	44934496	C	T	5.00173
rs56131686	SLC35C1	11	45831957	C	G	4.99527
rs9521724	COL4A2	13	111022143	T	C	4.99444
rs6081875	CFAP61	20	20083396	A	G	-4.9909
rs1842840	LEKR1	3	156728057	T	G	4.98707
rs11706953	MOBP	3	39513610	T	C	4.98674
rs2436424	SGCD/PPP1R2P3	5	156226550	G	A	-4.9862
rs10906418	PRPF18	10	13633273	C	T	-4.98501
rs35026037	PPP1R2P3/TIMD4	5	156340361	C	T	-4.98475
rs16833988	CXCR4/THSD7B	2	137149620	A	T	4.98447
rs8053904	JPH3	16	87730041	G	C	4.98417
rs4488985	EPHA5-AS1/MIR1269A	4	66619606	A	G	4.98228
rs17799355	LIPG/ACAA2	18	47198147	G	A	-4.97947
rs12300233	TMTC2/SLC6A15	12	84527687	T	C	4.97469
rs7024009	LOC101927450/TLE4	9	82128697	T	C	-4.974019999999999
rs9659326	LOC100506022/SLC25A33	1	9497525	C	T	-4.96894
rs7485379	ACSM4/CD163L1	12	7502768	T	C	4.96884
rs690626	SUMO3/PTTG1IP	21	46243319	C	A	4.96675
rs6473257	PAG1	8	81891362	C	A	-4.963080000000001
rs6939442	GMDS-AS1/LINC01600	6	2569104	C	A	-4.96276
rs2393525	LINC00844/CCEPR	10	60878189	A	T	-4.96218
rs11612598	PTPRR/TSPAN8	12	71345028	A	G	4.96197
rs255102	CRHR2	7	30731164	A	T	-4.95608
rs7962368	TMEM132C	12	128940836	A	T	-4.9548
rs9804803	SLCO1C1/SLCO1B3	12	20913501	T	A	-4.95441
rs29454	MYO10	5	16913578	T	C	-4.9530199999999995
rs10446826	VEGFC/NEIL3	4	178117437	T	C	4.94948
rs4105239	POTEC/ANKRD30B	18	14592500	C	A	-4.94506
rs17516986	SV2B	15	91830481	C	T	4.93358
rs13021616	LOC100506474/LINC00276	2	14333416	T	G	4.93051
rs11227805	TMEM134/AIP	11	67246757	C	T	-4.926769999999999
rs31333	LINC01170	5	123603595	T	C	4.92509
rs11996320	NCALD	8	103057852	A	T	4.92018
rs4381243	LINC01648/MATN1	1	30675881	A	G	-4.91868
rs9293692	IQGAP2	5	75953913	C	G	-4.9154
rs1024995	TNIP1/ANXA6	5	150476004	T	C	4.90833
rs6488097	PKP2	12	32991992	A	G	-4.90416
rs6669212	LMNA	1	156110313	G	A	4.89496
rs4585645	MIR148A/NFE2L3	7	26036578	C	T	-4.8832
rs1231361	TUSC1/LINC01241	9	25751923	T	A	-4.88267
rs2900149	PRB1/PRB2	12	11519428	G	A	-4.87743
rs11597782	ACADSB	10	124793052	T	C	4.8769800000000005
rs2281999	UNC13B	9	35381504	C	T	-4.87372
rs2296555	FRMPD1	9	37708307	A	C	4.87071
rs4926571	GPX7/FAM159A	1	53096614	T	C	-4.86736
rs6420899	SYNJ2BP-COX16	14	70829683	G	T	-4.85944
rs8028650	FOXB1/ANXA2	15	60541710	T	A	-4.85893
rs7077115	BUB3/GPR26	10	125314177	T	G	-4.85629
rs1872535	TMEM132C	12	128771021	G	A	4.8550699999999996
rs12029607	LINC01755/LINC01767	1	56446105	T	C	-4.85463
rs963227	KCNAB1	3	155963297	G	T	-4.85355
rs11247171	ADAMTS17	15	100777564	C	G	4.85254
rs5994370	TUG1/SMTN	22	31470842	T	C	-4.85008
rs2091294	PCED1B	12	47536613	G	A	-4.84906
rs7518039	DNM3	1	172342330	C	A	-4.84795
rs2601828	ADCY9	16	4103871	T	C	4.84362
rs17567252	RAB3GAP2/MARK1	1	220499539	G	A	4.8425400000000005
rs59652089	NUP160/PTPRJ	11	47907350	C	T	4.83975
rs1278336	ADAM12	10	127829788	A	G	4.8394900000000005
rs1338308	NONE/HACE1	6	105064323	T	C	-4.83873
rs7208829	ARL4D/MIR2117HG	17	41516675	A	G	-4.8381099999999995
rs6570196	TNFAIP3/PERP	6	138264439	T	A	4.83783
rs4970773	GSTM5	1	110255596	C	G	4.83405
rs12973342	LINC01224/ZNF675	19	23746247	C	T	-4.83404
rs2235928	SDHB	1	17379029	A	G	4.83327
rs7842485	LINC00251	8	66078557	C	A	4.83207
rs4821722	EIF3L	22	38255325	A	G	4.83143
rs2518967	BLM	15	91311017	C	T	-4.83019
rs10490733	THSD7B	2	138038497	T	C	4.823169999999999
rs17440824	BUD13	11	116634173	C	T	-4.81845
rs17731405	VWC2	7	49854560	A	G	4.81813
rs3010874	AADACL3	1	12776134	C	A	-4.8163800000000005
rs7717643	TIMD4	5	156360193	A	C	-4.81338
rs7000444	KIF13B	8	28935457	A	G	4.81236
rs17332290	ERBB4/LINC01878	2	213557284	T	C	4.81024
rs1688072	IL1F10/IL1RN	2	113869347	A	G	4.80968
rs286900	EHF	11	34669090	C	A	4.80206
rs4703774	MAP1B	5	71437262	A	G	-4.79338
rs7909705	ADARB2/LINC00700	10	1868667	T	C	-4.7895900000000005
rs9521755	COL4A2	13	111073710	C	T	-4.781219999999999
rs17151656	NPVF/MIR148A	7	25496143	T	C	4.77838
rs11672955	FZR1	19	3511709	C	T	4.77375
rs2955478	LINC02466/LINC02479	4	130738875	G	A	-4.77238
rs4963452	FTH1/INCENP	11	61815803	T	C	4.76955
rs9648587	USP42	7	6174379	G	A	4.76687
rs17352582	NPHP3-AS1/TMEM108	3	132639428	C	A	-4.76518
rs12952892	B3GNTL1	17	80921154	G	A	-4.76399
rs1489927	ATP13A4	3	193227545	A	G	-4.76286
rs17253436	LINC02220	5	13031514	T	C	4.76169
rs747632	TECPR1	7	97859060	C	T	4.75698
rs7423842	UGGT1	2	128906495	C	A	-4.75319
rs10514650	TDRD15/LINC01822	2	21519171	C	A	-4.75286
rs12544383	ZMAT4/SFRP1	8	40940814	C	T	4.75242
rs10739772	GPR107	9	132837275	A	G	4.74381
rs6491501	UBAC2/LINC01232	13	100093131	A	G	4.7356300000000005
rs7242727	PIK3C3	18	39558586	G	A	-4.7328
rs7994724	DLEU7-AS1/RNASEH2B-AS1	13	51445560	A	G	4.72601
rs6677953	LINC01676/LINC01677	1	106320956	T	C	-4.72582
rs7718731	HSPA4/FSTL4	5	132500078	T	C	4.7176
rs4258836	FSHR/NRXN1	2	49855284	G	C	4.71525
rs1571856	TTF1	9	135282188	G	A	4.71275
rs1933008	MARK1	1	220775988	T	G	4.71216
rs2850764	BCL2/KDSR	18	60993515	C	G	4.709630000000001
rs12573091	CASC2/FAM204A	10	120031074	T	A	4.708130000000001
rs12475139	DARS-AS1/CXCR4	2	136786651	T	A	4.7078
rs7909837	ZCCHC24/LOC729815	10	81228041	T	C	-4.70771
rs34417638	TRIB1/LINC00861	8	126488574	T	C	-4.70763
rs2301343	SLC8A1	2	40680149	T	G	4.70714
rs9510550	LINC00621/SGCG	13	23644743	T	C	4.70636
rs7122363	LINC00900/LOC101929011	11	116449283	C	T	4.70314
rs4322463	TMEM132C	12	128756533	C	T	-4.69981
rs481018	SLC12A8	3	124827538	A	T	4.69942
rs9835230	P3H2	3	189735461	G	A	4.69675
rs915048	TSHZ2	20	52061777	G	T	4.6959
rs646934	ROR1	1	64271801	G	A	4.69426
rs12481781	LOC150051/SOD1	21	32972257	A	C	-4.69414
rs11249569	AACSP1	5	178191348	C	T	-4.69066
rs11599193	CTBP2/TEX36-AS1	10	127153283	A	T	-4.69054
rs294854	PTPRD	9	10188245	C	T	4.688280000000001
rs1364419	GALNT1/MIR187	18	33320260	A	C	4.6879599999999995
rs7775460	BLOC1S5-TXNDC5	6	7979533	G	T	4.6831
rs13256306	VPS13B	8	100621023	A	G	4.68124
rs17218235	ZFPM2	8	106626323	A	G	-4.67888
rs1423753	NONE/CDH11	16	64127291	T	C	-4.67566
rs6659660	ENAH/SRP9	1	225962333	A	G	4.67532
rs10090654	C8orf37-AS1	8	96407053	A	G	-4.67497
rs12144503	CNIH3/DNAH14	1	225003240	G	A	-4.67442
rs695222	LINC01951/DRD1	5	174607853	G	A	-4.67215
rs268380	SGCZ	8	15008603	C	T	-4.66846
rs4027036	LINC01354/IRF2BP2	1	234714528	G	C	-4.66063
rs13080559	MIR548A3/ALCAM	3	104220469	T	C	-4.659009999999999
rs12591748	TLN2/TPM1	15	63206834	T	C	4.65738
rs12081057	ARHGEF2	1	155922195	C	T	-4.65616
rs760882	ATXN1	6	16659131	T	A	-4.6559
rs4704760	CLINT1/LINC02227	5	157351803	G	A	-4.6494599999999995
rs1125469	PRUNE2	9	79500154	C	T	4.648
rs2001604	ACER2	9	19429702	T	G	4.64731
rs12050171	BAZ1A/IGBP1P1	14	35395451	T	A	4.64711
rs11197751	PNLIPRP1	10	118367227	G	C	-4.64531
rs770196	CCDC171	9	15864506	C	G	4.64497
rs1355112	MAD2L1/PRDM5	4	121183954	T	C	4.63725
rs1884441	VLDLR/KCNV2	9	2699004	A	G	4.63705
rs1169303	HNF1A	12	121436376	A	C	-4.6352
rs11793822	PRKACG/FXN	9	71630738	G	A	-4.63438
rs6911049	GRIK2/HACE1	6	104338384	C	T	-4.63157
rs11584330	PLXNA2	1	208340157	C	A	-4.63015
rs11013688	KIAA1217	10	24028895	C	A	-4.62903
rs17000211	MRPL4	19	10369086	C	T	-4.6283199999999995
rs7627486	ZNF621/CTNNB1	3	40745275	T	A	4.62774
rs2792742	ADRA2A/GPAM	10	113905522	A	T	4.626519999999999
rs11614295	RPH3A	12	113196733	G	A	-4.62571
rs869382	RAPGEF1/MED27	9	134642577	G	A	-4.62424
rs17660352	OVCH1-AS1	12	29582665	A	G	-4.62165
rs12591369	RGMA/LINC02207	15	94216597	C	T	4.6184
rs7223372	ARHGAP44	17	12772901	G	A	4.6144099999999995
rs11815438	ANK3/CDK1	10	62501737	T	C	4.61229
rs1563619	NINJ2/WNK1	12	832925	T	C	4.61221
rs309161	DARS	2	136688749	G	A	4.60956
rs4522021	DAB1	1	58131280	A	C	4.60191
rs4236480	TRPV5	7	142626549	C	T	4.60154
rs7350641	LINC00402/LOC100288208	13	74940318	G	A	4.59981
rs6432708	DPP4	2	162891848	C	T	-4.59923
rs1984677	LINC01310/NONE	22	49631660	A	G	-4.59917
rs2504048	FAM163A	1	179722827	T	G	4.59912
rs10518869	MIR4510/C15orf41	15	36594667	A	G	-4.59799
rs2489041	HIF1AN/PAX2	10	102333635	G	C	-4.5972800000000005
rs7304518	PARP11/CCND2-AS1	12	4257018	C	G	4.59615
rs2865399	NKILA/MIR4532	20	56325087	G	C	-4.5938300000000005
rs10846572	DNAH10	12	124382600	G	C	-4.5930599999999995
rs4259484	MUSK	9	113486002	T	C	4.5896300000000005
rs7872007	MIR548H3	9	78277394	A	G	4.58809
rs10499503	LOC101927630	7	17533100	C	G	4.58421
rs12432446	DACT1/LINC01500	14	59275632	G	C	-4.58064
rs17130742	DEPDC1-AS1/LINC01707	1	69041947	C	T	-4.57864
rs11732227	LINC01098/NONE	4	179485216	C	T	4.57163
rs1554850	CCSER1	4	92296559	C	A	-4.57008
rs9556012	MIR622/LINC01049	13	91039426	G	T	-4.5685
rs12554119	OR1J4/OR1N1	9	125283383	T	C	-4.56666
rs609659	FCHO2/TMEM171	5	72411800	G	A	4.56572
rs1527519	STPG2	4	98911742	T	G	4.56353
rs10194564	LRP1B/KYNU	2	142894573	C	A	4.5606599999999995
rs786500	TEX41	2	145595571	G	A	-4.56008
rs10515746	HAVCR2	5	156536568	A	C	-4.55954
rs6797896	PRKCI/SKIL	3	170038993	T	C	-4.55748
rs4411548	ATP6V0A1	17	40658533	C	T	4.5570900000000005
rs11762145	UBN2	7	138922666	G	A	4.55697
rs2057343	CHD6/PTPRT	20	40382240	A	C	-4.55676
rs308200	VAV1	19	6833072	C	T	-4.55662
rs1880542	LINC01101/GLI2	2	121338584	T	C	4.55296
rs1150578	TMEM170B/ADTRP	6	11650465	G	A	-4.55187
rs11651246	RETREG3	17	40759937	T	G	4.5458099999999995
rs9912870	ZZEF1	17	3969351	C	G	4.543130000000001
rs16945465	SV2B	15	91803214	C	T	4.54162
rs617764	CASC6/EPHA7	6	93923788	C	G	-4.53749
rs7793030	CFTR/CTTNBP2	7	117344654	A	G	4.53479
rs315132	YEATS4	12	69761996	G	C	-4.53426
rs11009413	NRP1/LINC00838	10	33814376	G	T	-4.53351
rs1205236	TTC9	14	71129499	C	T	-4.52965
rs7304372	LRIG3/SLC16A7	12	59955872	C	A	4.52945
rs10994462	ANK3	10	62419725	C	T	4.52573
rs17074715	CLDN24/CDKN2AIP	4	184308583	C	A	4.52379
rs282296	LOC101928858/LINC02219	5	67312977	C	T	4.51817
rs4924266	SPRED1/FAM98B	15	38715162	C	G	-4.51558
rs13001605	MIR4268/EPHA4	2	221949907	A	G	4.51243
rs7255872	FXYD5/FAM187B	19	35679719	C	T	-4.51116
rs533239	CDON/RPUSD4	11	125984426	A	G	-4.508719999999999
rs6726740	FIGN/GRB14	2	165050128	T	G	-4.50402
rs6479347	NFIL3/MIR3910-1	9	94268566	T	A	4.50079
rs3847226	DMRT2/SMARCA2	9	1795468	C	T	-4.49988
rs9483499	VNN2	6	133076896	A	G	4.49852
rs7260674	BTBD3/LINC01722	20	12437164	T	C	-4.49446
rs12516736	LOC102467217/CDO1	5	115121239	G	C	4.4928
rs3892668	BAG3	10	121432924	C	T	-4.49046
rs4567375	ADARB2	10	1661584	T	G	4.4891
rs9766	EZH1	17	40852841	G	A	4.48799
rs3850417	LINC02304/LINC02325	14	97864929	T	C	-4.48031
rs13017293	CCDC85A/VRK2	2	57810803	T	A	-4.4735
rs2245112	LINC01378	4	118497980	A	G	-4.47245
rs17095438	ARHGAP42	11	100641908	G	T	-4.4692
rs17170387	CNTNAP2	7	146973970	A	G	4.4680599999999995
rs3851262	ANKRD30BP3	10	45658078	A	G	-4.46512
rs11862350	LINC02141	16	59920309	T	C	4.46411
rs9599924	DACH1/MZT1	13	72644775	T	G	-4.4615800000000005
rs160773	LOC105374620/LINC01377	5	3123216	G	A	-4.45731
rs997407	ADGRL3	4	62878316	A	T	4.453869999999999
rs6789386	XCR1/CCR1	3	46174395	G	C	4.44716
rs7692652	TBCK	4	107047493	A	G	-4.44536
rs12435851	SNORD3P3/LINC02329	14	85850844	G	A	4.443569999999999
rs12358501	MKX	10	28016082	G	A	-4.43773
rs4695096	GNPDA2/GABRG1	4	45310219	G	A	4.43595
rs1183209	MIR4422HG/LINC01753	1	56216366	T	C	4.43326
rs4149272	ABCA1	9	107642287	C	T	-4.4288
rs6504658	RSAD1/MYCBPAP	17	48565572	G	T	-4.42661
rs7921660	ZMIZ1-AS1	10	80779846	T	C	-4.42563
rs1880785	KPNA7	7	98794111	T	G	4.42508
rs6555801	TIMD4/HAVCR1	5	156445636	C	A	-4.42428
rs4694123	ADAMTS3	4	73387788	T	C	4.42026
rs2830922	ADAMTS5/LINC00113	21	28779600	T	C	-4.41555
rs4132556	CTD-2194D22.4/LOC100506858	5	2227567	C	T	4.41517
rs10969287	LINGO2/LINC01242	9	29614435	A	G	4.41098
rs1884242	STXBP6/NOVA1	14	25886346	C	T	4.40869
rs4659415	CEP85	1	26580790	C	T	-4.4076
rs9465338	LOC101928519/LOC105374960	6	19331534	A	C	4.4073400000000005
rs6435358	FASTKD2/CPO	2	207735837	A	G	-4.406000000000001
rs738978	LOC284930/MIR3201	22	48476886	C	T	-4.40551
rs7749563	CCDC170	6	151900657	G	C	4.40318
rs13078223	ZNF717/ROBO2	3	75933043	T	A	-4.4029
rs4560771	LOC101929488/LOC286178	8	58641670	C	A	-4.3975599999999995
rs4419828	TRIB1/LINC00861	8	126526063	G	T	-4.39715
rs7695631	MSANTD1/RGS12	4	3297743	C	T	4.39676
rs11662443	LINC01895/TGIF1	18	3393892	T	A	4.3925
rs5014650	LPA/PLG	6	161099503	G	A	4.38446
rs9458222	AGPAT4/PRKN	6	161757885	T	C	-4.38163
rs17310472	C2CD3	11	73759619	T	C	-4.3807
rs3121417	MSANTD1	4	3252678	G	A	-4.379980000000001
rs13117501	NONE/NONE	4	36022360	T	C	-4.37942
rs6982054	XKR4/TMEM68	8	56609388	T	C	-4.37558
rs10457611	TARID	6	134038999	A	G	-4.372319999999999
rs3790606	WNT2B	1	113052186	G	C	-4.37106
rs1223098	IMMP1L	11	31506907	T	G	4.36918
rs1308020	RNASEH2C/AP5B1	11	65497558	G	A	-4.3691699999999996
rs7780599	ANLN	7	36442758	G	T	4.36648
rs17111479	BSND/PCSK9	1	55481832	G	C	-4.36597
rs4718980	AUTS2	7	70135261	C	T	-4.36596
rs12408337	RAB3GAP2/MARK1	1	220622474	C	T	4.3656
rs10800519	HSPA6/FCGR3A	1	161501904	A	T	4.36448
rs10125787	GARNL3	9	130094195	G	T	4.36419
rs9293400	EDIL3/NBPF22P	5	84291756	T	C	-4.36267
rs11778143	EXT1	8	118833316	C	T	-4.36184
rs9691673	GIMAP1-GIMAP5/TMEM176B	7	150479586	C	G	4.3614
rs11015755	PTCHD3/RAB18	10	27705855	A	G	-4.36062
rs2888798	PRKAG2-AS1/GALNTL5	7	151644686	A	T	-4.35605
rs9866988	IL12A-AS1	3	159814546	T	C	-4.3556099999999995
rs3093632	TMEM50A	1	25684012	C	T	4.353190000000001
rs6590820	ARHGAP42	11	100644491	A	G	4.3505400000000005
rs11246300	TALDO1	11	749776	C	T	-4.342569999999999
rs6888143	NONE/LINC01947	5	166289264	G	A	-4.33911
rs2382314	PTPRD-AS2/TYRP1	9	12012139	A	G	-4.338769999999999
rs9396149	HMGCLL1/BMP5	6	55596578	C	T	-4.33795
rs573063	LINC00595/ZMIZ1-AS1	10	80443047	T	A	-4.33615
rs7966193	PKP2/SYT10	12	33370061	T	A	4.33535
rs7981258	NONE/DAOA-AS1	13	106096895	A	T	4.33394
rs4977750	MTAP/CDKN2A-AS1	9	21944317	C	A	-4.333419999999999
rs9998658	LINC02380/LINC02494	4	59031070	T	G	-4.33293
rs6429092	LINC01139/CHRM3	1	238772047	T	G	4.33217
rs1491590	SAMMSON/FOXP1	3	70657915	A	G	4.328130000000001
rs3740691	ARFGAP2	11	47188411	C	T	-4.3267
rs10266126	AUTS2	7	69375390	G	T	4.3219900000000004
rs11654381	SLFN12L/SLFN14	17	33826344	T	C	4.31849
rs7026398	KDM4C/TMEM261	9	7232230	A	G	-4.31388
rs6586030	TSPAN14	10	82254047	A	G	4.3123
rs2690833	NONE/NONE	7	113997624	C	T	-4.31187
rs9818278	LINC00693/RBMS3-AS3	3	29130678	G	A	-4.30681
rs1182174	GNA12	7	2875420	G	A	4.30595
rs1678336	SH3TC1/HTRA3	4	8254784	C	T	-4.30565
rs1329125	IRF2BP2	1	234740880	C	T	-4.30516
rs10798874	LINC01226/TINAGL1	1	32020965	C	T	-4.30439
rs9372856	MIR588/RSPO3	6	127388452	T	G	-4.30399
rs2607075	CDH17/GEM	8	95259511	C	T	-4.30305
rs4787355	HS3ST4/C16orf82	16	26287694	G	A	-4.30201
rs7029374	LINC01239/LOC101929563	9	23358448	A	G	-4.30189
rs17341585	NR3C1/MIR5197	5	142871503	G	A	4.30145
rs10192654	RAB11FIP5/NOTO	2	73370882	A	T	-4.301
rs10925925	CHRM3	1	239767581	T	G	-4.30012
rs4291247	CPA6/PREX2	8	68779797	T	C	-4.29735
rs1937347	ST8SIA6/HACD1	10	17583741	T	G	4.29542
rs1827415	SLITRK6/LINC00430	13	86999822	C	G	-4.291519999999999
rs2980885	TRIB1/LINC00861	8	126474306	G	A	-4.288130000000001
rs10807154	ARMC12/CLPSL2	6	35742308	G	A	-4.28414
rs3818562	EPS8L3	1	110300441	G	A	4.28366
rs1406078	CLNK/MIR572	4	11364031	C	G	4.279319999999999
rs294515	LINC02233/FSTL5	4	161280169	T	A	-4.27585
rs4922494	GDF10/PTPN20	10	48522023	G	A	4.27456
rs403636	SLC6A3	5	1438354	A	C	-4.26929
rs10270312	ARL4A/ETV1	7	12933218	T	A	4.267580000000001
rs7632470	FOXP1	3	71201897	C	T	4.26661
rs1893452	MYO5B	18	47483508	G	A	4.26388
rs6466134	CCDC71L/PIK3CG	7	106501439	A	G	-4.26379
rs216633	CTNNA2	2	80817919	T	A	-4.2601
rs12906102	UNC13C/LOC105370829	15	55170143	C	T	4.25742
rs3743161	SLC28A1	15	85430838	G	T	4.25243
rs1332628	TMEM72-AS1	10	45444490	G	A	4.2504599999999995
rs7847123	TLR4/BRINP1	9	121153884	G	T	4.24936
rs12463826	FIGN/GRB14	2	165096178	G	A	-4.247380000000001
rs780245	MAP3K21/KCNK1	1	233697530	C	T	4.24673
rs2275603	FCRLA	1	161681780	A	G	-4.245080000000001
rs6980364	STEAP2-AS1	7	89563352	A	G	4.2445900000000005
rs1555426	CHD6/PTPRT	20	40326112	T	C	4.2432300000000005
rs11063275	B4GALNT3	12	605887	T	C	-4.24228
rs4629063	LINC00907	18	40157231	G	A	4.24049
rs4654795	MIR4418/ZBTB40	1	22655630	G	A	-4.23585
rs2783637	PDIK1L	1	26439226	C	T	-4.23515
rs78627663	ADAMTSL3	15	84607855	A	G	-4.23496
rs7113018	GRIK4	11	120804533	T	G	-4.2348
rs7517260	TRIM62/ZNF362	1	33694424	G	A	-4.23305
rs10114765	DMRT2/SMARCA2	9	1470712	T	C	4.2317800000000005
rs6440867	RAP2B/LINC02006	3	153044717	A	G	4.23083
rs10951456	LOC101928618/EEPD1	7	36147787	A	G	4.2301400000000005
rs10171080	FIGN/GRB14	2	164987255	G	C	4.22982
rs7282109	CHAF1B	21	37771010	G	C	4.228190000000001
rs9557951	METTL21EP/SLC10A2	13	103557357	A	G	4.22615
rs11598018	STN1	10	105661315	C	A	-4.2225
rs838912	SCARB1	12	125286037	T	C	-4.22145
rs3008798	DAAM2	6	39779862	A	C	-4.21975
rs1192701	PCAT5/ANKRD30A	10	37130138	A	G	-4.2188
rs9325361	VAV3	1	108382853	G	C	4.21826
rs655464	LINC00907	18	40196367	G	A	4.21628
rs1080057	LINC02380/LINC02494	4	59026944	C	T	4.20927
rs11144926	GCNT1	9	79110078	C	T	4.209169999999999
rs2519529	STEAP4/ZNF804B	7	88211164	T	G	4.20889
rs604127	EHD3/XDH	2	31521289	G	A	4.20515
rs17782146	ELMSAN1	14	74208662	C	G	-4.20439
rs158346	ANKRD55/LINC01948	5	55622233	C	T	4.20322
rs12546826	DLC1	8	13083569	A	G	-4.2030199999999995
rs6833812	STK32B	4	5110140	G	A	4.2013300000000005
rs7980449	CPM/CPSF6	12	69572819	A	T	4.20063
rs2297792	UBQLN4	1	156011444	T	C	4.19913
rs2453440	CNBD1	8	87882746	G	A	4.19881
rs2637300	RAB18/MKX	10	27919283	T	C	-4.19868
rs728479	LECT2/TGFBI	5	135329749	C	T	4.1974
rs4877953	PSAT1/LOC101927450	9	81469029	C	A	-4.19643
rs12499608	LINC02355/DCLK2	4	150601659	G	A	4.19625
rs6068608	LOC105372672/SUMO1P1	20	52276452	T	C	-4.1948300000000005
rs1959556	LINC00648/RPS29	14	49193013	G	T	4.1947
rs975210	TLE3	15	70364352	G	A	4.19297
rs7776193	LOC100132735	6	140109762	A	G	-4.19112
rs309590	VCAN-AS1	5	82849938	A	G	-4.19081
rs9409606	NFIL3/MIR3910-1	9	94335290	C	A	4.18891
rs2900625	ADAM19/SOX30	5	157041033	T	C	-4.1846
rs11017165	GLRX3/MIR378C	10	132052655	A	G	4.18118
rs3909619	MBIP/SFTA3	14	36888334	T	C	-4.17483
rs10416583	OR10H4/LINC00661	19	16123133	T	C	4.1737400000000004
rs644587	IL12A-AS1	3	159663294	C	T	4.1734
rs7634425	MCF2L2	3	183020592	T	C	-4.17138
rs12295574	MRVI1	11	10671667	G	A	4.1702900000000005
rs4607268	DCTD/FAM92A1P2	4	183872630	G	A	4.1664
rs1324208	SMARCA2/VLDLR-AS1	9	2282951	G	A	-4.16565
rs7762168	LINC00326/EYA4	6	133523780	G	A	4.1651300000000004
rs11192857	LOC105378470/SORCS1	10	108135861	G	T	-4.162
rs366327	AFF1	4	87980030	A	T	-4.16097
rs7787809	THSD7A/TMEM106B	7	12188089	G	A	-4.1586
rs12445183	ZNF423	16	49798279	T	C	4.15414
rs4327574	CDH12	5	22009253	T	C	-4.15064
rs7486863	R3HDM2	12	57681122	G	A	-4.1489400000000005
rs2211034	NONE/HACE1	6	104992559	A	G	-4.14723
rs7037570	CFAP77	9	135296341	C	T	4.14622
rs13356109	LOC101927078/TRIM36	5	114129519	C	T	-4.14269
rs1757200	CACNB2	10	18529835	T	C	-4.13933
rs671116	ATG5	6	106760597	A	G	4.13837
rs10020750	ZNF827	4	146690887	A	G	4.13687
rs4547577	GPR39	2	133393808	A	C	-4.13664
rs921093	LOC100128885/ZNF107	7	64099803	G	A	4.13654
rs9292918	HCN1	5	45301035	T	G	-4.13145
rs1464138	KCNMA1	10	79029512	G	A	-4.12634
rs11057418	RFLNA	12	124508976	G	C	-4.1246
rs10765321	DISC1FP1	11	90209474	G	A	-4.12361
rs2243191	IL19	1	207015957	T	C	-4.12062
rs1369904	OVCH1-AS1	12	29608449	T	C	-4.11939
rs9573478	LINC00347/CTAGE11P	13	75669519	C	A	-4.11791
rs12429206	DLEU7-AS1/RNASEH2B-AS1	13	51446114	A	G	4.11756
rs2292482	NENF/LINC01740	1	212640275	A	G	-4.11643
rs1348906	ARHGAP20/C11orf53	11	110885141	C	T	-4.113980000000001
rs2237170	ATXN1	6	16627602	C	T	-4.113519999999999
rs4526423	GCNT1	9	79082405	C	G	4.1131199999999994
rs6498012	IL4R	16	27331974	C	G	4.11225
rs4140737	LINC02245	2	65130062	A	G	-4.11152
rs17736467	EGFEM1P	3	168333592	G	A	-4.108709999999999
rs1883023	ABCA1	9	107564846	T	C	-4.1086599999999995
rs12563514	RGL1	1	183844367	T	C	-4.10672
rs10867284	PSAT1/LOC101927450	9	81455565	G	C	-4.105180000000001
rs4083651	PLIN2/DENND4C	9	19211852	A	G	-4.10302
rs11244857	ADAM12	10	127851943	G	A	4.10277
rs3129327	RGS12	4	3383674	G	A	4.10164
rs10086796	FAM84B/PCAT1	8	128011823	T	C	4.0992
rs4259479	KLF4/ACTL7B	9	111524654	C	T	4.0981
rs17630235	TRAFD1	12	112591686	G	A	4.09569
rs1929842	ABCA1	9	107633623	G	C	-4.09494
rs13035933	BMPR2/FAM117B	2	203469960	G	T	-4.0944400000000005
rs2921044	PRAG1/CLDN23	8	8325753	G	T	-4.093999999999999
rs8050407	OTOA	16	21740274	C	T	4.09174
rs10809056	PTPRD	9	10274168	A	T	4.09154
rs2499063	MALRD1	10	19576720	C	T	4.09141
rs12031076	XCL1/DPT	1	168612651	G	C	4.08651
rs765068	MIR8068/LINC01616	11	29673294	C	A	4.08403
rs13138989	LINC00290/TEMN3-AS1	4	182532903	T	G	-4.08102
rs17343042	LINC00276	2	14449299	G	A	-4.08101
rs549179	RHOU/MIR4454	1	229199004	G	T	-4.07969
rs12462062	FPR3/NONE	19	52343283	C	G	4.07932
rs11099862	FHDC1	4	153883458	G	T	-4.07733
rs4896105	LOC101928304/ALDH8A1	6	135128515	C	T	-4.0772
rs4657188	C1orf226	1	162347877	G	C	-4.07665
rs2358454	TMEM206	1	212541196	C	T	-4.07297
rs10919811	NR5A2	1	200089668	A	C	4.07146
rs1329234	ARL5B/MALRD1	10	19105226	C	T	-4.06926
rs4491109	LINC01142/LOC101928650	1	170299009	A	G	-4.06848
rs13036142	KCNS3/RDH14	2	18685444	C	T	4.06648
rs10890752	ELMOD1/SLN	11	107562580	G	A	-4.06529
rs13293993	SLC24A2/MLLT3	9	20249314	T	C	4.0641099999999994
rs4775610	TLN2/TPM1	15	63332057	A	G	4.064030000000001
rs7163058	RGMA/LINC02207	15	93815472	C	A	-4.06081
rs10444429	CD163L1	12	7552613	C	A	-4.05961
rs306198	ALPK3	15	85405369	A	G	4.05738
rs10849222	LINC02443/NTF3	12	5369483	G	A	-4.0570900000000005
rs3798173	SLC22A1	6	160556022	G	T	4.05426
rs16878635	ZNF366	5	71747448	C	T	-4.04565
rs12865304	LMO7DN/KCTD12	13	77282577	G	T	4.04488
rs12156353	CSMD1	8	2960390	A	G	-4.0442599999999995
rs1144232	LOC100128239	11	133909657	T	A	4.04365
rs7905280	LOC105378311	10	56404205	C	A	4.04022
rs138054	SULT4A1	22	44219572	A	G	-4.0395900000000005
rs11172147	R3HDM2	12	57696677	G	A	4.03939
rs10919814	NR5A2	1	200104972	A	C	4.03916
rs4666366	LAPTM4A/SDC1	2	20340155	T	C	4.038819999999999
rs2050696	GPX7/FAM159A	1	53094802	A	G	-4.03682
rs729461	LINC01592/LINC01603	8	70224127	C	T	-4.03514
rs581127	IL12A-AS1	3	159671010	T	C	4.03477
rs6979461	ATXN7L1	7	105414720	C	G	4.03092
rs1247330	PLG/MAP3K4	6	161326650	T	G	4.02907
rs6897616	LINC02223	5	17848669	A	G	-4.02661
rs6736532	OLA1/LINC01305	2	175175807	T	C	-4.02345
rs6500590	SRL	16	4261119	A	G	4.02255
rs10742797	DDB2	11	47240490	A	T	4.02154
rs1113193	UGT1A10/UGT1A8	2	234569137	G	A	4.0183800000000005
rs1180626	TRPS1	8	116476393	G	A	-4.01783
rs11782342	KCNB2	8	73784837	G	A	-4.016369999999999
rs4761170	CPM/CPSF6	12	69603993	C	G	4.00814
rs9649213	BAIAP2L1	7	98021211	A	G	4.00655
rs689920	LINC01893/ZNF516	18	74020385	T	G	-4.005719999999999
rs7972025	TWF1/TMEM117	12	44222722	G	T	4.005669999999999
rs4149264	ABCA1	9	107677211	G	C	4.00486
rs17432188	PDZD2	5	31976593	C	A	4.00014
rs17686579	LINC02355/DCLK2	4	150329576	A	C	3.9984
rs984430	NTRK2	9	87582827	T	C	-3.9983199999999997
rs7590554	SLC8A1	2	40715880	G	T	-3.99802
rs5751347	A4GALT	22	43106189	G	C	3.9970800000000004
rs1391748	FSHR/NRXN1	2	49850450	C	T	-3.9966199999999996
rs12883861	MIR4307HG/LINC00645	14	27720455	A	G	3.99557
rs7039767	FRMPD1	9	37712391	C	T	3.99525
rs294814	PTPRD	9	10202765	A	G	-3.99229
rs6054594	BMP2/LINC01428	20	6890665	C	A	-3.9908900000000003
rs13215360	SLC2A12/HMGA1P7	6	134413537	A	G	-3.9902599999999997
rs153961	PDE4D	5	58515074	C	T	-3.98564
rs7223686	MPRIP	17	16960911	A	G	-3.9832300000000003
rs7010905	NIPAL2	8	99208244	G	T	-3.9799900000000004
rs7327714	LINC00364/LINC00550	13	69132713	A	G	-3.9759900000000004
rs624722	LINC02159/GABRB2	5	160567322	C	T	-3.97594
rs2927970	TRIM62	1	33641256	C	T	-3.97548
rs10503698	LINC02153/LOC101929172	8	20979708	T	C	-3.97016
rs8094606	LINC00470/METTL4	18	2437987	C	T	-3.9689300000000003
rs13198171	LOC101927136/LINC01564	6	53489475	A	T	-3.9662900000000003
rs10518963	LOC283665/AQP9	15	58385264	C	T	-3.96423
rs12132533	CSF1/AHCYL1	1	110475552	A	G	-3.96214
rs1206825	EYA2	20	45758258	A	T	3.9610000000000003
rs7127924	ACCSL/ACCS	11	44085687	C	A	-3.9601300000000004
rs7235733	MIR924HG	18	36810945	G	A	3.9580699999999998
rs7088045	JMJD1C	10	65079397	T	A	3.9575099999999996
rs1831183	APBB1IP/LOC101929117	10	26864609	T	C	3.95666
rs7291065	NFAM1/SERHL	22	42842632	C	G	-3.9559599999999997
rs8141214	DEPDC5	22	32196181	G	T	-3.9555800000000003
rs7529464	GALNT2	1	230412836	G	C	3.9486800000000004
rs717640	IYD	6	150726302	A	G	3.94791
rs17864701	UGT1A10/UGT1A3/UGT1A4/UGT1A5/UGT1A6/UGT1A7/UGT1A8/UGT1A9	2	234652717	C	T	-3.9479
rs1371884	VAV3-AS1/SLC25A24	1	108644530	G	A	-3.94472
rs3851252	C10orf107/ARID5B	10	63617300	G	A	3.93813
rs17770299	LINC02181/LOC101928708	16	87142937	A	C	-3.93736
rs10256795	CHN2/CPVL	7	29195455	G	A	3.9361
rs3209286	FAM208B	10	5753516	G	A	-3.9344699999999997
rs333966	EPS8L3/CSF1	1	110441792	A	G	-3.9342099999999998
rs207138	MIR4422HG/LINC01753	1	55811215	C	T	3.9324800000000004
rs30927	IRX5/IRX6	16	55317598	A	C	3.93154
rs2381466	ARHGAP15	2	144133509	A	G	3.92979
rs7222118	YPEL2/LINC01476	17	57487538	C	A	3.92869
rs10511048	ZNF717/ROBO2	3	76547308	A	T	-3.92732
rs322390	NEURL1B/LOC101928093	5	172156233	A	C	3.92689
rs16867918	MEF2C-AS1/MIR3660	5	89110315	A	G	-3.9265800000000004
rs3904998	ABCA1	9	107646260	T	C	-3.9228099999999997
rs10903561	ADARB2/LINC00700	10	1844594	A	T	3.9222300000000003
rs639632	ETS1/LOC101929538	11	128540106	T	C	3.9201
rs13270693	CNGB3	8	87726182	C	G	3.91888
rs2113388	LOC100144595/KCNJ3	2	155351344	G	T	3.91874
rs12775790	AKR1C4	10	5261703	G	A	-3.91755
rs2374314	PRKAG2-AS1/GALNTL5	7	151644023	C	A	-3.9171300000000002
rs2188177	LOC101927497/SAMD9	7	92659160	C	T	3.9118800000000005
rs1361298	LINC01037/NONE	1	187498538	T	C	3.91141
rs9870875	SAMMSON/FOXP1	3	70703356	G	C	-3.9109199999999995
rs2881044	KCNS3/RDH14	2	18222390	C	T	3.90993
rs17365166	ZCCHC11	1	53016084	T	G	3.9083099999999997
rs13431868	SP100/LINC01907	2	231546204	G	A	3.90711
rs7732654	TENM2	5	167339216	C	G	-3.90634
rs4839603	SLC9A9	3	143311260	A	G	-3.9018699999999997
rs114823	NHLRC2/ADRB1	10	115698028	C	T	3.89954
rs7132583	CPM/CPSF6	12	69532966	G	A	3.8992
rs4487222	MIR4790/GRM7-AS3	3	5305543	T	G	3.8984
rs10897213	FTH1/INCENP	11	61827748	C	T	3.89565
rs4635554	TDRD15/LINC01822	2	21389659	T	G	3.8954699999999995
rs2741373	TSHZ2	20	52105972	C	T	3.8952
rs4596089	PDZRN3	3	73639587	C	T	3.89419
rs13419607	DPP10/DDX18	2	117446910	T	C	-3.8931400000000003
rs720979	SH3RF3	2	109951710	C	T	-3.8927199999999997
rs1179740	GABBR2	9	101336041	T	G	3.8926300000000005
rs7618133	OTOL1/LINC01192	3	162122735	T	C	3.8914
rs1995681	KIF21B/CACNA1S	1	201005806	C	T	-3.89036
rs7840023	CSMD1	8	3670640	T	G	3.8892599999999997
rs1490500	TRHDE/LINC02444	12	73072055	A	G	3.8882
rs2086091	OTOL1/LINC01192	3	162303306	G	A	-3.8879099999999998
rs17769837	DCBLD2/MIR548G	3	98922187	A	T	-3.8875300000000004
rs4655383	RPS6KC1/PROX1-AS1	1	213578006	G	A	3.8871599999999997
rs7135655	BORCS5	12	12558065	G	A	-3.8799300000000003
rs7788636	GNGT1	7	93535185	C	A	3.8782900000000002
rs2031798	JKAMP	14	59959031	A	G	-3.8770300000000004
rs884619	LINC02520	6	37495394	T	G	-3.8755699999999997
rs12086212	STPG1	1	24708740	C	T	3.87259
rs9293290	ATG10	5	81474225	A	T	-3.87225
rs2178658	ABCB4/ABCB1	7	87122022	G	T	3.8711699999999998
rs2112742	LINC01951/DRD1	5	174617199	G	A	3.86925
rs4245529	PREP/PRDM1	6	106406066	G	C	-3.86668
rs7904722	GLRX3	10	131961891	C	T	-3.8663199999999995
rs10762865	ZCCHC24/LOC729815	10	81223803	A	G	-3.8659199999999996
rs873121	CCDC148	2	159131649	T	C	-3.86404
rs1313768	GRK4/HTT-AS	4	3054017	T	C	3.8633
rs12028817	ATP1B1	1	169096118	A	G	-3.8631699999999998
rs1492572	PLEKHG1	6	150924980	C	G	-3.8626199999999997
rs4235896	IMPG1/HTR1B	6	77014948	C	A	3.8616599999999996
rs9957621	LDLRAD4	18	13366252	G	T	3.85691
rs2960051	NONE/MIR302F	18	27856134	C	T	3.8562800000000004
rs3135063	MSANTD1/RGS12	4	3287052	C	A	3.8535699999999995
rs707771	SLC22A1	6	160570083	T	C	-3.85353
rs6674139	FMN2	1	240616559	T	C	-3.85311
rs10468691	LDLRAD4	18	13548548	G	T	3.8514199999999996
rs1293	TMEM2	9	74312747	G	A	3.85025
rs7974270	TMEM132B/LINC00939	12	126353941	C	T	-3.84954
rs2663056	WDFY4	10	50125972	C	T	-3.84786
rs2214920	LOC101927668	7	20025660	C	T	3.8448900000000004
rs9301680	LINC01049	13	91151095	C	T	3.8446599999999997
rs1994294	ERC2	3	56253677	T	C	-3.8426199999999997
rs2207308	SNORD154/LOC100128988	20	39472792	G	A	3.8413699999999995
rs11664740	EPB41L3	18	5521212	C	G	3.8374300000000003
rs13023819	LINC01886	2	108165307	C	T	-3.83515
rs154759	LOC102467217/CDO1	5	115137144	A	G	3.83475
rs3754508	SDHB/PADI2	1	17382887	T	C	-3.83454
rs2711853	RELN	7	103161290	C	T	-3.8318199999999996
rs873134	B4GALNT3	12	632645	C	T	3.8314800000000004
rs10521261	CASC22	16	52300255	T	G	3.83115
rs8065475	MYO1D	17	30861819	G	A	3.83115
rs1722423	FAM49A/RAD51AP2	2	16858380	A	G	3.8246300000000004
rs1808988	PDIA5	3	122824513	A	G	-3.82324
rs12953454	TNFRSF11A/ZCCHC2	18	60109159	C	T	-3.8231599999999997
rs1445560	PAG1	8	81885077	A	G	3.8231300000000004
rs10509696	ENTPD1-AS1	10	97734022	C	T	-3.8227599999999997
rs9428576	AKT3/SDCCAG8	1	243662027	T	C	3.8212800000000002
rs533695	NCALD	8	103106706	T	A	-3.8208800000000003
rs16854089	XIRP2/LOC105616981	2	168577771	A	G	-3.81429
rs6698798	SLC30A7	1	101407028	A	T	-3.81377
rs6717594	UGGT1/HS6ST1	2	129007614	C	T	3.8126800000000003
rs571485	FLJ41200/LINC00583	9	13674291	G	T	-3.8125400000000003
rs680323	GPC6	13	94787103	G	A	-3.81114
rs4773174	COL4A2	13	111041530	C	T	3.8012
rs7919239	ALOX5	10	45898356	C	A	3.8007400000000002
rs1292099	GSTM1/GSTM5	1	110247164	C	T	-3.79796
rs11987584	CSMD1/LOC100287015	8	5410407	C	T	-3.79505
rs389480	BLM	15	91351930	G	A	3.79046
rs4887950	WWOX	16	78319418	A	G	-3.7900199999999997
rs6870058	TIMD4/HAVCR1	5	156431273	G	A	-3.78957
rs2549908	LINC02170	16	80913669	C	A	3.7865699999999998
rs2540588	FZD1/MTERF1	7	91178303	A	T	-3.78629
rs30851	LINC02211/CDH9	5	25735313	G	A	3.7853199999999996
rs10157045	PRDM2/KAZN	1	14575084	G	A	3.78525
rs11927551	SLC33A1	3	155559442	G	T	3.7830199999999996
rs9862855	MIR4792/RARB	3	24746378	T	C	3.78235
rs7524009	LPGAT1	1	211932532	G	A	3.7821800000000003
rs2029582	IL1F10/IL1RN	2	113863771	T	C	-3.7818400000000003
rs8093891	LIPG/ACAA2	18	47206583	T	C	-3.7784199999999997
rs12537099	LOC101928618	7	36134647	A	G	3.77566
rs2744744	WNT4/MIR4418	1	22568747	T	C	-3.77432
rs11764334	NAMPT/CCDC71L	7	106247144	G	T	3.77178
rs7616215	XCR1/CCR1	3	46205686	C	T	3.7715699999999996
rs6948739	GNA12/CARD11	7	2933195	A	G	3.7713300000000003
rs3024293	C1QL1	17	43039718	T	A	3.77104
rs4336570	CASC8/CASC11	8	128572773	T	G	-3.7705800000000003
rs8036277	SLCO3A1/ST8SIA2	15	92860904	A	G	-3.7698300000000002
rs956908	LDLRAD4	18	13555466	G	C	-3.76948
rs17617904	TRPM3/TMEM2	9	73935165	C	T	-3.76764
rs10049282	LINC00693/RBMS3-AS3	3	28982876	A	G	3.7663699999999998
rs2497412	LINC00375/LINC00351	13	85847546	A	G	3.7663699999999998
rs3766541	CHIT1	1	203193049	C	T	3.76301
rs474019	LOC105374972/NRSN1	6	23968351	A	G	-3.7626699999999995
rs13094712	SAMMSON/FOXP1	3	70576942	G	A	-3.75708
rs9972308	FAM189A1	15	29628873	G	A	3.75255
rs2840591	LINC01133	1	159940000	G	A	3.7524699999999998
rs1475564	PATJ	1	62579672	A	C	3.7471
rs11051712	KIAA1551	12	32125834	G	A	-3.74698
rs1371500	LINC01320/MIR548AD	2	35409131	A	G	3.7423599999999997
rs11169820	GALNT6	12	51762542	T	C	3.74111
rs352194	ZDHHC14/SNX9	6	158198693	T	A	-3.74108
rs10883007	SFRP5/LINC00866	10	99581758	T	C	3.7378099999999996
rs12495562	LINC02005/CNTN3	3	74297491	C	T	-3.73766
rs6989827	MIR5680/RRM2B	8	103142448	T	C	-3.73759
rs734532	LOC100128988	20	39611802	G	A	3.7340400000000002
rs9525830	ENOX1	13	44304458	A	C	3.73087
rs877419	ZNF704/PAG1	8	81873396	G	A	3.72572
rs1015284	CSMD1/LOC100287015	8	5460669	T	C	-3.7250400000000004
rs1887497	NPAS3	14	33822394	T	G	-3.7244099999999998
rs3903916	MIR622/LINC01049	13	90916444	G	T	-3.72278
rs569795	KLF4/ACTL7B	9	110959560	C	T	-3.7225
rs7698597	TBC1D1/LINC01258	4	38156792	G	C	-3.7210199999999998
rs1217199	MAGI3	1	114157788	C	T	-3.7201400000000002
rs1422636	HTR4	5	147932201	G	A	3.7167
rs2015110	SDC1	2	20409322	G	A	3.71388
rs7895056	ENTPD1-AS1	10	97661682	G	C	-3.71219
rs4148512	ABCC4	13	95791728	G	A	-3.71141
rs4637279	CNTN4	3	2919516	A	G	3.71139
rs11791849	LOC286359/TDRD7	9	100163998	C	T	3.71055
rs481619	FCHO2/TMEM171	5	72412602	G	A	3.71014
rs10771537	OVCH1-AS1	12	29618273	G	C	3.7079
rs647882	MIR548G	3	99375069	T	G	3.70664
rs9443928	BCKDHB/FAM46A	6	82225675	G	A	3.7013300000000005
rs4581019	VPS13B	8	100085850	G	A	3.69965
rs8054737	HS3ST4/C16orf82	16	26508110	A	G	3.69898
rs4256835	SMPDL3B	1	28276389	G	A	-3.69674
rs9634385	LINC00621/SGCG	13	23638279	G	A	3.6964099999999998
rs4727126	LINC00972/GRM3	7	86112596	A	C	-3.6954300000000004
rs4820997	DEPDC5/C22orf24	22	32324140	C	T	-3.6935800000000003
rs8068433	CARD14	17	78165456	C	T	3.6935599999999997
rs13268432	PRAG1/CLDN23	8	8506834	C	A	-3.6927300000000005
rs258821	ARHGAP26	5	142595995	C	T	3.69147
rs12369177	VWF	12	6073520	T	G	3.6913199999999997
rs4690014	RGS12	4	3436062	G	A	-3.6882099999999998
rs973761	PMP22/TEKT3	17	15191921	T	C	3.68793
rs1652523	MC4R/CDH20	18	58168660	C	T	3.6872800000000003
rs2461127	ADCY1	7	45757806	G	A	-3.6863699999999997
rs12365619	TENM4	11	78924118	T	C	-3.68497
rs13062354	LOC101928135/ARPP21	3	35528166	G	A	-3.68381
rs7714420	GCNT4/LINC01336	5	74340327	A	C	-3.68151
rs2489386	FAM196A	10	128974621	C	T	3.68132
rs4982473	OR10G2	14	22101482	G	A	3.68075
rs7333886	LOC101927437	13	100516716	C	T	3.68013
rs2010019	CRBN/LRRN1	3	3747790	T	C	-3.6798699999999998
rs17414182	ELP3/PNOC	8	28146297	G	T	-3.6787099999999997
rs9593000	LOC100288208	13	74986348	C	T	-3.6775
rs6431235	SPP2/LINC01891	2	235079680	A	G	-3.6766
rs2720480	PDGFRL	8	17456105	A	T	-3.6757400000000002
rs1359646	LOC105378470/SORCS1	10	108049735	T	C	3.67561
rs10851384	C15orf54/THBS1	15	39625546	A	G	3.6711400000000003
rs12622286	INHBB/LINC01101	2	121126279	G	A	-3.66338
rs11066301	PTPN11	12	112871372	A	G	3.66132
rs6717013	ZNF638	2	71614443	G	A	-3.66089
rs4031375	DDX11-AS1	12	31214179	A	G	3.6600800000000002
rs12590053	NRXN3/DIO2	14	80353917	A	G	-3.65907
rs7567544	LAPTM4A/SDC1	2	20392802	C	G	3.65835
rs12646184	SMARCAD1	4	95183216	C	T	3.6506800000000004
rs2380261	LINC01173/SH3BP4	2	235641180	C	A	-3.6486400000000003
rs10800160	UCK2	1	165799022	G	A	-3.6436699999999997
rs11052277	PKP2	12	33009418	G	C	-3.6422
rs750607	SEMA7A/UBL7	15	74734819	C	T	-3.63941
rs12622690	LOC100506797/LOC101927709	2	119086841	C	T	3.6387099999999997
rs4360516	ARHGEF19/RSG1	1	16552416	T	A	-3.6365800000000004
rs9988765	SH2D4B/NRG3	10	82715797	T	C	-3.63554
rs2836531	ERG	21	39948990	A	G	-3.63001
rs13290	C17orf74	17	7329632	T	G	3.6299
rs3812459	IL7/STMN2	8	80521603	T	C	-3.6296699999999995
rs1393569	MIR4289/C9orf47	9	91480272	C	T	-3.6291
rs6962496	DPP6	7	154250592	G	A	-3.6279800000000004
rs12936811	NOG/C17orf67	17	54856903	T	A	3.62771
rs11732896	HSD17B11	4	88287993	G	A	-3.62494
rs1495610	LINC02233/FSTL5	4	161228508	A	G	-3.6212699999999995
rs312028	TDRD15/LINC01822	2	21460827	T	C	-3.61941
rs12199301	C6orf89/PI16	6	36912256	C	T	3.61436
rs6684889	ASH1L	1	155427062	T	A	3.6141900000000002
rs8019852	SYNJ2BP/SYNJ2BP-COX16	14	70883943	G	A	-3.6133
rs705145	BUB3/GPR26	10	125226178	C	A	3.61101
rs4777236	TLE3/LINC02205	15	70407822	G	A	-3.60805
rs1404151	SEMA3E/SEMA3A	7	83533954	A	G	-3.60681
rs2342248	LINC00421/TPTE2	13	19924121	G	A	3.60457
rs6717330	LOC101929680	2	167003704	C	A	3.60408
rs996593	LOC101927960	2	209551952	C	G	3.6021400000000003
rs6562965	LMO7DN/KCTD12	13	77351486	G	A	3.5994800000000002
rs9651889	LOC574538	12	257060	C	T	-3.5979099999999997
rs920272	KLHL29	2	23646426	T	C	-3.5978800000000004
rs10508373	LOC105755953/LOC101928272	10	8974161	T	C	-3.5977699999999997
rs7576953	ANXA4	2	69911916	A	G	3.59334
rs4899342	ADAM21P1/SYNJ2BP-COX16	14	70728094	G	A	3.59122
rs2297909	KIF21B	1	200960307	G	A	-3.591
rs10503899	NRG1-IT1	8	31947234	A	G	3.5909199999999997
rs11065987	ATXN2-AS/BRAP	12	112072424	A	G	3.59035
rs2518722	MTAP/CDKN2A-AS1	9	21952926	C	T	3.58987
rs17668044	ZCCHC2	18	60203227	G	A	-3.5882400000000003
rs7566040	TDRD15/LINC01822	2	21454424	G	T	-3.5864300000000005
rs6982652	CSMD1/LOC100287015	8	4977252	T	C	3.5859699999999997
rs4726628	EPHA1-AS1	7	143198568	C	T	-3.5829699999999995
rs4766648	RPH3A	12	113119813	G	A	-3.57985
rs12542320	LOC286178/LINC01602	8	58664164	C	T	-3.5788300000000004
rs4350731	B3GNT2/TMEM17	2	62699790	A	C	-3.5785199999999997
rs4930731	DNAH10	12	124317416	A	G	3.5783400000000003
rs12454768	PQLC1	18	77678327	A	G	-3.5752599999999997
rs11659393	ATP9B	18	77102423	G	T	3.57525
rs11068147	MAP1LC3B2/C12orf49	12	117136787	T	G	3.572
rs10951822	RAMP3/ADCY1	7	45581268	A	G	3.57056
rs1044527	SYNJ2BP	14	70833819	C	G	-3.56869
rs9295131	PLG	6	161136294	G	A	3.5678099999999997
rs11656414	MAP3K14-AS1	17	43337970	A	G	3.5663699999999996
rs1648144	C11orf87/ZC3H12C	11	109869302	T	C	3.5648400000000002
rs2716543	LUZP2	11	24802574	T	A	-3.5621
rs1585795	C5orf67	5	55870452	G	A	3.5611800000000002
rs1484113	LOC101927502	9	84305732	T	G	3.56101
rs180725	ATRNL1/GFRA1	10	117728084	A	G	3.56009
rs12805422	SLC35C1/CRY2	11	45839889	G	A	-3.5579400000000003
rs4885192	LINC00381/LINC00347	13	75025477	C	A	3.55712
rs10891435	LOC105369443/CNTN5	11	98076476	C	T	3.55631
rs205042	SHISA6	17	11322305	G	C	3.55496
rs1258797	FMN1	15	33106411	C	G	3.55495
rs11650232	ASGR1/DLG4	17	7088923	A	G	-3.5548800000000003
rs2264778	C12orf43	12	121450354	C	A	-3.55085
rs6464578	JHDM1D-AS1	7	139878802	T	C	3.54846
rs2328893	SLC17A4	6	25770239	A	G	-3.5470800000000002
rs743011	MCHR2-AS1/SIM1	6	100609598	A	G	3.5439599999999998
rs4392601	LOC441086/GCNT4	5	74262980	T	C	-3.5429699999999995
rs4750687	MKI67/LINC01163	10	129949720	C	T	3.5397
rs6070180	ZBP1	20	56183960	T	C	-3.53922
rs10829611	MGMT	10	131452282	G	T	-3.53816
rs2519609	MIR4652/TFPI2	7	93407398	C	A	3.53525
rs6583058	VAV3-AS1/SLC25A24	1	108581278	G	T	3.5334199999999996
rs9875338	SYN2/PPARG	3	12296469	G	A	3.5305
rs4896735	UTRN	6	144982326	G	A	3.52855
rs7328705	MIR622/LINC01049	13	90922824	G	T	3.5276199999999998
rs12749098	VWA5B1	1	20636038	G	T	3.52425
rs207164	MIR4422HG/LINC01753	1	55799770	C	T	3.52299
rs2127519	FLJ42393	3	187897954	T	A	-3.5227699999999995
rs13027120	CXCR2/CXCR1	2	219020914	T	C	3.5215
rs311874	DACT1/LINC01500	14	59209182	C	T	3.51979
rs3847434	CELF2-AS1/USP6NL	10	11447418	G	A	3.5194099999999997
rs805996	IYD	6	150726042	C	A	-3.50993
rs3804102	CARMIL1	6	25617445	A	G	-3.50611
rs11853141	COMMD4	15	75632867	C	T	-3.50464
rs11794317	LOC101927358/RORB-AS1	9	77061414	C	T	-3.5016
rs3860850	RB1CC1/NPBWR1	8	53829203	C	T	-3.50115
rs236681	AFF1	4	87988508	T	G	-3.50063
rs1393990	RALYL	8	85464739	C	T	-3.5006
rs8235	LGI2	4	25003503	G	A	3.49971
rs10077577	CTNND2	5	11607347	C	A	-3.4995300000000005
rs9860513	CADM2	3	85053354	T	C	3.4990900000000003
rs17152670	CTBP2	10	126820983	C	T	3.49787
rs11624336	PAPOLA/LINC02299	14	97193512	A	G	-3.49739
rs13069023	LRIG1/LOC105377143	3	66648463	G	A	3.49643
rs2651257	DACT1/LINC01500	14	59192138	G	C	3.4956
rs2991364	SVEP1	9	113316793	T	C	-3.49316
rs7595506	LOC100506474/LINC00276	2	14306623	A	G	-3.49094
rs935861	USP34	2	61479010	C	T	-3.49051
rs7563021	LOC400940/LINC01247	2	6448402	A	G	3.48432
rs4789999	RBFOX3	17	77296632	A	C	-3.48291
rs641965	UOX	1	84843600	C	T	-3.48161
rs4712000	MCM3/PAQR8	6	52215432	A	T	3.48
rs1417582	FCRLB	1	161696088	T	C	3.47957
rs1752142	MBOAT1	6	20179396	T	C	-3.47888
rs2309349	SEL1L3	4	25818577	A	G	-3.4786300000000003
rs880713	HS6ST1/LOC101927881	2	129131614	A	G	-3.47784
rs12426071	LOC643339	12	93414646	G	A	-3.4773199999999997
rs12001113	DNAI1	9	34515328	T	C	-3.4749800000000004
rs1458495	ANXA1/LOC101927358	9	76427979	C	A	3.47179
rs11657083	ALOX12P2/ALOX12-AS1	17	6857095	T	G	-3.4716099999999996
rs10810604	BNC2	9	16744807	T	C	3.4700800000000003
rs11059625	TMEM132C	12	128774340	A	G	-3.46978
rs3816355	PNLIPRP1	10	118359548	T	C	-3.46962
rs4592441	LOC105369423/RAB38	11	87668824	C	T	-3.4693099999999997
rs7117223	OVCH2/OR5P2	11	7785780	A	C	3.46595
rs10735541	LINC01507/TLE1	9	82928779	G	A	3.46587
rs212548	ECE1	1	21595611	T	C	3.4655699999999996
rs7767036	ATG5/LOC105377924	6	106881308	G	A	-3.464
rs4982695	MMP14/LRP10	14	23322613	C	T	3.46369
rs531565	LOC105374972/NRSN1	6	23617213	A	G	-3.46349
rs12820008	IGF1/LINC00485	12	103152029	C	A	3.4587800000000004
rs13259536	NEFL/DOCK5	8	24879867	A	G	3.45862
rs11874612	OACYLP/SEC11C	18	56747722	T	C	3.4584599999999996
rs9551084	SPATA13	13	24814107	A	G	3.45615
rs2019239	PPP2R2A	8	26217354	G	A	-3.4559800000000003
rs6500256	ZNF423	16	49803838	T	C	3.45591
rs2165899	SLC39A12	10	18240466	T	C	-3.45571
rs3804114	CARMIL1	6	25602604	C	T	-3.4552099999999997
rs11637664	RASGRP1/C15orf53	15	38872225	T	A	3.45509
rs17050272	LINC01101/GLI2	2	121306440	G	A	-3.45494
rs12975082	LOC284395	19	29970721	C	T	-3.45444
rs17352281	ANKRD35/NBPF10/NBPF19/NBPF20	1	145558824	A	C	3.4521900000000003
rs7045694	DMRT2/SMARCA2	9	1522966	C	G	3.45201
rs2217541	KIF12/COL27A1	9	116888067	C	T	3.4519
rs9513281	RAP2A/IPO5	13	98353388	T	C	-3.4468
rs7626828	BPESC1/PISRT1	3	138884724	C	T	3.4426099999999997
rs6541280	TSNAX-DISC1	1	231754879	G	C	-3.4409099999999997
rs12006266	PTPN3	9	112223084	T	C	-3.44089
rs4697810	CLNK/MIR572	4	10948147	T	C	-3.4399599999999997
rs967927	LINC00470/METTL4	18	1967345	G	A	3.4378800000000003
rs2301178	PNLIPRP2	10	118404700	G	A	-3.43439
rs7638193	FOXP1	3	71387060	C	T	-3.43433
rs6955852	ARL4A/ETV1	7	13680745	G	C	-3.4333400000000003
rs1501562	KCNH1	1	211072392	C	T	3.42942
rs4634392	GABRG2/CCNG1	5	161735710	T	G	-3.4286199999999996
rs3912189	SEMA5A	5	9216777	T	C	-3.4277900000000003
rs1343984	KDM4C/TMEM261	9	7223669	A	G	-3.4277
rs4442810	LINC00922/CDH5	16	65676733	C	T	3.4272400000000003
rs1679196	LPP	3	187880614	G	C	-3.4259800000000005
rs11123857	NPAS2	2	101603812	A	G	-3.42061
rs10739813	LOC158434/HSD17B3	9	98938885	G	A	3.42044
rs11733845	PRKG2/RASGEF1B	4	82211636	G	A	3.4199900000000003
rs17009745	FAT4	4	126390181	C	T	3.4169300000000002
rs10950484	ARL4A/ETV1	7	13679898	A	G	-3.4156800000000005
rs507506	DLG4	17	7118322	A	G	-3.4057
rs1729589	LINC01205/MIR4445	3	109303093	C	T	-3.39937
rs4868934	LOC102546299/LINC01947	5	165008087	T	C	-3.39828
rs2378089	LINC01593/LINC01594	2	108711926	T	C	3.39824
rs10906253	CCDC3	10	12959564	G	C	-3.3967099999999997
rs6964856	CDK14	7	90237831	C	T	3.39618
rs729797	TRIB1/LINC00861	8	126582521	C	A	3.39382
rs1967819	LOC105755953/LOC101928272	10	8962146	A	C	3.3894
rs2034962	TBCD	17	80887451	A	G	-3.38927
rs13429146	SLC8A1	2	40708066	T	C	-3.3855199999999996
rs12613183	YY1P2/LRP1B	2	139876065	T	C	3.3823300000000005
rs6973126	ASB4	7	95131217	C	T	3.3820699999999997
rs13414307	SLC8A1	2	40649084	A	G	3.3803699999999997
rs7116712	MAP3K11	11	65372518	T	C	3.37796
rs1898076	LRMDA	10	77859643	T	A	3.3778900000000003
rs16833241	SPATS2L	2	201289531	T	C	-3.3772900000000003
rs10883379	NKX2-3/SLC25A28	10	101340425	G	A	3.37713
rs10070001	ZNF366	5	71744664	T	G	3.3764800000000004
rs2160994	LIMA1	12	50650057	T	C	-3.37601
rs9505667	LINC01622	6	1055655	T	C	3.37261
rs1352976	PLEKHG1	6	150950215	G	A	-3.37221
rs7688657	KLHL8/MIR5705	4	88163094	G	C	-3.37106
rs607067	KIAA1324/SARS	1	109751667	G	A	-3.36979
rs6580774	TMPRSS12	12	51277920	A	C	-3.36732
rs4931191	OVCH1-AS1	12	29633732	G	A	-3.36577
rs1372705	CNTLN	9	17437735	A	T	3.36511
rs1952603	NPAS3	14	34149325	A	G	3.36214
rs11878417	LOC105372273	19	11319978	G	A	3.3593300000000004
rs11118996	PLXNA2	1	208331649	A	C	3.3571
rs6720337	SLC4A10	2	162733699	A	G	-3.3555099999999998
rs895271	ZNF704/PAG1	8	81836812	C	G	3.3555099999999998
rs6700655	EFHD2/CTRC	1	15759547	T	A	3.35379
rs6459011	TINAG/FAM83B	6	54438358	A	T	3.3527099999999996
rs569258	MYRF	11	61520668	T	C	3.3490699999999998
rs7776857	LOC401312/LOC541472	7	22754768	G	T	3.34882
rs6716792	MEIS1	2	66687843	C	A	3.3485099999999997
rs10928665	NXPH2	2	139496731	A	C	3.34625
rs4651025	AXDND1	1	179371973	A	G	3.34496
rs4952856	TTC7A	2	47185438	G	A	-3.34487
rs1909440	ADARB2	10	1674132	G	A	3.3427599999999997
rs2074635	ARHGAP26	5	142587531	C	T	3.3424199999999997
rs6710710	CTNNA2	2	80798772	C	T	3.34191
rs12476507	LRP1B	2	141893894	A	G	-3.34
rs16878939	STIM2/LINC02261	4	27163276	G	C	3.3381800000000004
rs2141491	LINC02008	3	82138009	C	G	3.33187
rs10505207	CSMD3/TRPS1	8	114700007	G	A	3.33112
rs7133378	DNAH10	12	124409502	G	A	-3.33069
rs6907678	PPARD/FANCE	6	35418954	T	C	-3.3285199999999997
rs6459157	COL21A1	6	56229158	C	T	-3.32821
rs9310736	THRB	3	24350811	A	G	3.3225300000000004
rs1386499	MIR137HG/LINC01776	1	98651527	A	G	-3.3199699999999996
rs9876343	PXK	3	58323230	T	G	3.31691
rs8009413	LINC00645/FOXG1-AS1	14	28473408	T	C	3.31445
rs2912007	MCPH1-AS1	8	6517954	A	G	3.3103800000000003
rs1122856	CPNE4	3	131733286	G	A	-3.30695
rs6931664	CCDC170	6	151857594	A	G	-3.3055
rs1777955	LINC00865/LINC01375	10	91668284	C	T	3.3046
rs287851	TPBG/UBE3D	6	83452195	T	C	3.30135
rs4717469	LOC102723427/LOC100507468	7	68235466	T	A	3.30076
rs1408082	LINC01776	1	98721794	T	G	-3.30059
rs637590	LRRC42/LDLRAD1	1	54461703	A	G	3.30039
rs10770141	MIR4686/TH	11	2193840	A	G	3.2998800000000004
rs13075649	EDEM1/MIR4790	3	5288159	A	G	3.2972599999999996
rs10876739	OR6C74/OR6C6	12	55682869	T	C	-3.2927
rs2789388	LINC01037/NONE	1	187505827	T	C	-3.29014
rs3112111	TMTC2/SLC6A15	12	83858153	A	T	3.2874800000000004
rs4261159	BTBD8/KIAA1107	1	92629326	C	T	-3.28289
rs4663540	SAG/DGKD	2	234259470	A	G	3.2809800000000005
rs4948479	C10orf107/ARID5B	10	63606890	G	A	3.2809800000000005
rs243387	UBXN6	19	4445156	A	G	3.2797199999999997
rs493538	CASC6/EPHA7	6	93921404	G	C	-3.27805
rs10821962	ARID5B/RTKN2	10	63912835	A	G	-3.2757
rs7240269	GALR1/LINC01029	18	75539117	G	C	3.2730900000000003
rs11248538	BUB3/GPR26	10	125219821	A	G	-3.26888
rs558240	ABO/SURF6	9	136157133	G	A	-3.2665900000000003
rs10399899	LINC01755/LINC01767	1	56432215	T	C	-3.2631200000000002
rs9881698	C3orf38/EPHA3	3	88616501	G	A	-3.26267
rs13059232	NR1I2	3	119521055	T	C	3.2563400000000002
rs6431232	BIN1/CYP27C1	2	127933504	T	A	3.25622
rs6722613	DNMT3A	2	25539357	G	A	3.25516
rs307070	MIR924HG/LINC01477	18	37566458	T	G	3.25326
rs892407	KC6/PIK3C3	18	39248661	T	C	-3.2501700000000002
rs927318	GLIS3	9	4172815	T	C	3.25007
rs853858	DNMT3B/MAPRE1	20	31402217	G	A	3.24403
rs6789329	STAG1/SLC35G2	3	136476862	T	C	-3.24243
rs1163760	ROBO2/LINC02077	3	77746857	G	A	3.2424
rs10914443	LINC01226/TINAGL1	1	32038716	T	G	3.24147
rs10888738	NRDC/RAB3B	1	52347038	T	C	3.24133
rs4810639	LINC01754/NCOA3	20	46080076	A	G	3.24074
rs10245515	LOC102723427/LOC100507468	7	67892221	T	A	3.24018
rs9382517	HMGCLL1/BMP5	6	55478596	T	C	3.23948
rs11990752	PLEKHF2/LINC01298	8	96215924	T	A	-3.2376400000000003
rs11213245	C11orf87/ZC3H12C	11	109929743	G	A	-3.2374099999999997
rs6549020	FAM19A1	3	68192819	A	G	3.2355
rs1256061	ESR2	14	64703593	G	T	3.2345099999999998
rs4075026	CPM/CPSF6	12	69526932	T	C	3.22915
rs4619348	TPM1	15	63359564	A	C	3.22506
rs2386636	ASB13/FAM208B	10	5712087	G	T	3.22452
rs7147514	SLC25A21	14	37424770	T	C	-3.22234
rs1992314	LOXL1	15	74223767	C	G	3.22077
rs8215	JDP2	14	75936517	T	C	3.21788
rs2276138	SPTBN2	11	66456387	T	C	-3.2176400000000003
rs10937356	LPP	3	188292489	G	T	3.21738
rs4512966	COL4A2	13	111082058	T	C	3.2170400000000003
rs7578149	LAPTM4A/SDC1	2	20312438	C	A	3.21633
rs12450199	GAA	17	78076592	A	C	3.2136
rs10079000	LOC101927100	5	114940200	C	A	-3.2128200000000002
rs10246435	LOC101927354	7	7295333	C	G	3.21254
rs7774362	LOC101929504/LOC101929523	6	169600610	C	T	-3.20906
rs10004837	SPOCK3/ANXA10	4	168211052	A	G	-3.2046799999999998
rs435376	FOXN3/EFCAB11	14	90121933	G	A	-3.20265
rs870309	HS1BP3	2	20819291	A	G	-3.20102
rs203020	CA10	17	50038167	C	T	3.1993099999999997
rs542046	PITX2/C4orf32	4	111937018	G	A	3.1981
rs1992432	LINC01173	2	235619314	A	G	3.19227
rs376105	BCAS1	20	52581406	A	G	-3.19148
rs12530679	PIK3CG/PRKAR2B	7	106632113	A	G	-3.19107
rs6587971	KANK4/USP1	1	62836976	C	T	-3.18981
rs10223883	TIAM2	6	155420691	C	T	-3.18749
rs2057680	KLHL3	5	136956477	G	A	3.1850099999999997
rs8063597	LITAF/SNN	16	11690807	C	T	-3.1844900000000003
rs545108	LOC101929011	11	116525229	C	G	-3.18431
rs7000642	LOC102724612/LINC01289	8	64428514	T	C	-3.18276
rs1551571	ICE1/LINC02145	5	6243592	G	T	-3.17712
rs4235722	KIF4B/SGCD	5	155749584	C	G	3.17517
rs1512496	LINC02077/ROBO1	3	78400241	C	T	-3.1712
rs1485458	RIOK2/LINC01340	5	96830743	G	A	3.1701599999999996
rs11745023	CCDC192/LINC01184	5	127300552	C	T	3.16978
rs7657651	LINC02233/FSTL5	4	161096611	G	T	-3.16673
rs7302585	FAM19A2	12	62243799	C	T	3.1663900000000003
rs4319365	LINC01767/PLPP3	1	56907720	G	A	-3.16553
rs10936157	TBC1D23	3	99993725	G	A	-3.16365
rs11223425	OPCML	11	133143976	G	A	3.1635
rs10177631	LINC01828/LINC01829	2	67400179	G	A	3.16348
rs10857792	GNAI3	1	110109955	A	G	-3.1581099999999998
rs1532857	LINC02492	4	188479688	C	T	-3.1576
rs310752	SYN2/PPARG	3	12272683	G	A	-3.15677
rs10936834	NAALADL2-AS2	3	174964073	G	A	3.15598
rs1870616	CSMD1	8	2946196	C	T	3.15424
rs9387957	GJA1/HSF2	6	121785691	G	A	-3.15373
rs4684343	CNTN4	3	2391098	G	A	-3.15278
rs1806477	CASC18/NUAK1	12	106159013	G	A	-3.15152
rs548516	GPD2	2	157317464	T	C	3.1513400000000003
rs9301679	MIR622/LINC01049	13	91140729	G	A	-3.15096
rs9358183	MIR548A1/LOC101928519	6	18897387	G	A	-3.14893
rs7117647	NELL1/ANO5	11	21997909	T	G	-3.14866
rs1880669	TF	3	133483696	T	C	3.1468700000000003
rs311840	DACT1/LINC01500	14	59137233	A	G	3.14456
rs17559514	LINC02211/CDH9	5	26577464	G	T	-3.14131
rs2033750	LOC101927967	2	78299157	A	T	-3.13347
rs615370	LOC101927829/VENTXP7	3	20569932	G	C	3.1261799999999997
rs17287162	GNPDA1/NDFIP1	5	141465680	A	G	3.12321
rs9482094	LOC101927314/MIR2113	6	98364895	A	G	3.12177
rs10760176	STOM/GGTA1P	9	124204563	C	T	3.12098
rs7632807	TRIM42/SLC25A36	3	140485443	C	T	3.12049
rs11008222	LOC105376480/ZNF438	10	31042494	G	A	3.1204400000000003
rs1361149	LINC00326/EYA4	6	133549172	G	A	3.11695
rs8026113	IMP3/SNX33	15	75936698	C	T	3.11233
rs2792608	EEF1E1-BLOC1S5/SLC35B3	6	8304454	C	G	-3.10914
rs2278205	FAH	15	80467063	C	T	3.1080200000000002
rs9846229	CADM2	3	85767817	A	G	-3.10253
rs1407277	GS1-279B7.1/LINC01350	1	185500084	A	G	3.09983
rs3807707	MAGI2	7	77769423	C	T	-3.09863
rs4300496	TM9SF2/LINC01039	13	100218812	T	C	-3.09729
rs6965208	MGC4859/NDUFA4	7	10925630	G	T	3.09687
rs10229888	LOC101927630	7	17571110	A	G	3.0934
rs1460537	SYT4/LINC01478	18	41506017	T	G	-3.08665
rs4429165	MIR622/LINC01049	13	90886811	C	T	3.08461
rs1452134	CCDC81	11	86133416	T	C	-3.08028
rs4661476	PRDM2/KAZN	1	14462752	C	G	3.06144
rs8014671	LOC101928075	14	71092256	G	A	3.06128
rs614615	ARHGAP42	11	100669925	T	C	-3.05828
rs11033453	LDLRAD3	11	36156124	G	A	3.05111
rs2391891	LINC00431	13	111632394	G	A	-3.04799
rs2588985	C10orf107/ARID5B	10	63568223	T	C	3.0371099999999998
rs11640392	LINC00922/CDH5	16	66070596	G	A	-3.02855
rs3866543	ISL2	15	76629609	T	G	-3.0238
rs9960464	SLC14A2	18	43246156	G	A	-3.00827
